Name	Project	Life Stage			
RNASeq.elegans.WBStrain00000001.WBls:0000002.Hermaphrodite.WBbt:0007833.SRP000401.SRX047635	RNASeq_Study.SRP000401	all stages Ce			
RNASeq.elegans.WBStrain00000001.WBls:0000002.Hermaphrodite.WBbt:0007833.SRP003783.SRX028190	RNASeq_Study.SRP003783	all stages Ce			
RNASeq.elegans.WBStrain00000001.WBls:0000002.Hermaphrodite.WBbt:0007833.SRP003783.SRX028191	RNASeq_Study.SRP003783	all stages Ce			
RNASeq.elegans.WBStrain00000001.WBls:0000002.Hermaphrodite.WBbt:0007833.SRP003783.SRX028204	RNASeq_Study.SRP003783	all stages Ce			
RNASeq.elegans.WBStrain00000001.WBls:0000002.Hermaphrodite.WBbt:0007833.SRP011038.SRX121891	RNASeq_Study.SRP011038	all stages Ce			
RNASeq.elegans.WBStrain00000001.WBls:0000002.Hermaphrodite.WBbt:0007833.SRP011038.SRX121893	RNASeq_Study.SRP011038	all stages Ce			
RNASeq.elegans.WBStrain00000001.WBls:0000002.Hermaphrodite.WBbt:0007833.SRP011038.SRX121895	RNASeq_Study.SRP011038	all stages Ce			
RNASeq.elegans.WBStrain00000001.WBls:0000002.Hermaphrodite.WBbt:0007833.SRP015332.SRX181515	RNASeq_Study.SRP015332	all stages Ce			
RNASeq.elegans.WBStrain00000001.WBls:0000002.Hermaphrodite.WBbt:0007833.SRP015332.SRX181516	RNASeq_Study.SRP015332	all stages Ce			
RNASeq.elegans.WBStrain00000001.WBls:0000002.Hermaphrodite.WBbt:0007833.SRP015332.SRX181517	RNASeq_Study.SRP015332	all stages Ce			
RNASeq.elegans.WBStrain00000001.WBls:0000002.Hermaphrodite.WBbt:0007833.SRP015332.SRX181518	RNASeq_Study.SRP015332	all stages Ce			
RNASeq.elegans.WBStrain00000001.WBls:0000002.Hermaphrodite.WBbt:0007833.SRP015688.SRX185637	RNASeq_Study.SRP015688	all stages Ce			
RNASeq.elegans.WBStrain00000001.WBls:0000002.Hermaphrodite.WBbt:0007833.SRP018867.SRX245821	RNASeq_Study.SRP018867	all stages Ce			
RNASeq.elegans.WBStrain00000001.WBls:0000002.Hermaphrodite.WBbt:0007833.SRP018867.SRX245822	RNASeq_Study.SRP018867	all stages Ce			
RNASeq.elegans.WBStrain00000001.WBls:0000002.Hermaphrodite.WBbt:0007833.SRP018867.SRX245823	RNASeq_Study.SRP018867	all stages Ce			
RNASeq.elegans.WBStrain00000001.WBls:0000002.Hermaphrodite.WBbt:0007833.SRP028602.SRX332740	RNASeq_Study.SRP028602	all stages Ce			
RNASeq.elegans.WBStrain00000001.WBls:0000002.Hermaphrodite.WBbt:0007833.SRP028602.SRX332741	RNASeq_Study.SRP028602	all stages Ce			
RNASeq.elegans.WBStrain00000001.WBls:0000002.Hermaphrodite.WBbt:0007833.SRP028602.SRX332742	RNASeq_Study.SRP028602	all stages Ce			
RNASeq.elegans.WBStrain00000001.WBls:0000002.Hermaphrodite.WBbt:0007833.SRP028602.SRX332743	RNASeq_Study.SRP028602	all stages Ce			
RNASeq.elegans.WBStrain00000001.WBls:0000002.Hermaphrodite.WBbt:0007833.SRP028602.SRX332744	RNASeq_Study.SRP028602	all stages Ce			
RNASeq.elegans.WBStrain00000001.WBls:0000002.Hermaphrodite.WBbt:0007833.SRP028602.SRX332745	RNASeq_Study.SRP028602	all stages Ce			
RNASeq.elegans.WBStrain00000001.WBls:0000002.Hermaphrodite.WBbt:0007833.SRP028602.SRX332746	RNASeq_Study.SRP028602	all stages Ce			
RNASeq.elegans.WBStrain00000001.WBls:0000002.Hermaphrodite.WBbt:0007833.SRP028602.SRX332747	RNASeq_Study.SRP028602	all stages Ce			
RNASeq.elegans.WBStrain00000001.WBls:0000002.Hermaphrodite.WBbt:0007833.SRP028602.SRX332748	RNASeq_Study.SRP028602	all stages Ce			
RNASeq.elegans.WBStrain00000001.WBls:0000002.Hermaphrodite.WBbt:0007833.SRP030526.SRX360655	RNASeq_Study.SRP030526	all stages Ce			
RNASeq.elegans.WBStrain00000001.WBls:0000002.Hermaphrodite.WBbt:0007833.SRP030526.SRX360860	RNASeq_Study.SRP030526	all stages Ce			
RNASeq.elegans.WBStrain00000001.WBls:0000002.Hermaphrodite.WBbt:0007833.SRP030526.SRX362654	RNASeq_Study.SRP030526	all stages Ce			
RNASeq.elegans.WBStrain00000001.WBls:0000002.Hermaphrodite.WBbt:0007833.SRP031831.SRX366864	RNASeq_Study.SRP031831	all stages Ce			
RNASeq.elegans.WBStrain00000001.WBls:0000002.Hermaphrodite.WBbt:0007833.SRP034522.SRX392704	RNASeq_Study.SRP034522	all stages Ce			
RNASeq.elegans.WBStrain00000001.WBls:0000002.Hermaphrodite.WBbt:0007833.SRP034522.SRX392705	RNASeq_Study.SRP034522	all stages Ce			
RNASeq.elegans.WBStrain00000001.WBls:0000002.Hermaphrodite.WBbt:0007833.SRP044752.SRX659943	RNASeq_Study.SRP044752	all stages Ce			
RNASeq.elegans.WBStrain00000001.WBls:0000002.Hermaphrodite.WBbt:0007833.SRP044752.SRX659944	RNASeq_Study.SRP044752	all stages Ce			
RNASeq.elegans.WBStrain00000001.WBls:0000002.Hermaphrodite.WBbt:0007833.SRP044752.SRX659945	RNASeq_Study.SRP044752	all stages Ce			
RNASeq.elegans.WBStrain00000001.WBls:0000002.Hermaphrodite.WBbt:0007833.SRP044752.SRX659946	RNASeq_Study.SRP044752	all stages Ce			
RNASeq.elegans.WBStrain00000001.WBls:0000002.Hermaphrodite.WBbt:0007833.SRP044752.SRX659947	RNASeq_Study.SRP044752	all stages Ce			
RNASeq.elegans.WBStrain00000001.WBls:0000002.Hermaphrodite.WBbt:0007833.SRP044752.SRX659948	RNASeq_Study.SRP044752	all stages Ce			
RNASeq.elegans.WBStrain00000001.WBls:0000002.Hermaphrodite.WBbt:0007833.SRP044752.SRX659949	RNASeq_Study.SRP044752	all stages Ce			
RNASeq.elegans.WBStrain00000001.WBls:0000002.Hermaphrodite.WBbt:0007833.SRP044752.SRX659950	RNASeq_Study.SRP044752	all stages Ce			
RNASeq.elegans.WBStrain00000001.WBls:0000003.Hermaphrodite.WBbt:0007833.SRP034522.SRX392693	RNASeq_Study.SRP034522	embryo Ce			
RNASeq.elegans.WBStrain00000001.WBls:0000003.Hermaphrodite.WBbt:0007833.SRP034522.SRX392694	RNASeq_Study.SRP034522	embryo Ce			
RNASeq.elegans.WBStrain00000001.WBls:0000003.Hermaphrodite.WBbt:0007833.SRP034522.SRX392695	RNASeq_Study.SRP034522	embryo Ce			
RNASeq.elegans.WBStrain00000001.WBls:0000003.Hermaphrodite.WBbt:0007833.SRP058023.SRX1019174	RNASeq_Study.SRP058023	embryo Ce			
RNASeq.elegans.WBStrain00000001.WBls:0000003.Hermaphrodite.WBbt:0007833.SRP058023.SRX1019175	RNASeq_Study.SRP058023	embryo Ce			
RNASeq.elegans.WBStrain00000001.WBls:0000004.Hermaphrodite.WBbt:0007833.SRP000401.SRX004863	RNASeq_Study.SRP000401	proliferating embryo Ce			
RNASeq.elegans.WBStrain00000001.WBls:0000004.Hermaphrodite.WBbt:0007833.SRP000401.SRX004864	RNASeq_Study.SRP000401	proliferating embryo Ce			
RNASeq.elegans.WBStrain00000001.WBls:0000004.Hermaphrodite.WBbt:0007833.SRP000401.SRX004866	RNASeq_Study.SRP000401	proliferating embryo Ce			
RNASeq.elegans.WBStrain00000001.WBls:0000004.Hermaphrodite.WBbt:0007833.SRP000401.SRX037186	RNASeq_Study.SRP000401	proliferating embryo Ce			
RNASeq.elegans.WBStrain00000001.WBls:0000004.Hermaphrodite.WBbt:0007833.SRP000401.SRX037197	RNASeq_Study.SRP000401	proliferating embryo Ce			
RNASeq.elegans.WBStrain00000001.WBls:0000004.Hermaphrodite.WBbt:0007833.SRP000401.SRX085111	RNASeq_Study.SRP000401	proliferating embryo Ce			
RNASeq.elegans.WBStrain00000001.WBls:0000004.Hermaphrodite.WBbt:0007833.SRP000401.SRX085112	RNASeq_Study.SRP000401	proliferating embryo Ce			
RNASeq.elegans.WBStrain00000001.WBls:0000004.Hermaphrodite.WBbt:0007833.SRP000401.SRX092371	RNASeq_Study.SRP000401	proliferating embryo Ce			
RNASeq.elegans.WBStrain00000001.WBls:0000004.Hermaphrodite.WBbt:0007833.SRP000401.SRX092372	RNASeq_Study.SRP000401	proliferating embryo Ce			
RNASeq.elegans.WBStrain00000001.WBls:0000004.Hermaphrodite.WBbt:0007833.SRP000401.SRX092477	RNASeq_Study.SRP000401	proliferating embryo Ce			
RNASeq.elegans.WBStrain00000001.WBls:0000004.Hermaphrodite.WBbt:0007833.SRP000401.SRX092478	RNASeq_Study.SRP000401	proliferating embryo Ce			
RNASeq.elegans.WBStrain00000001.WBls:0000004.Hermaphrodite.WBbt:0007833.SRP000401.SRX092479	RNASeq_Study.SRP000401	proliferating embryo Ce			
RNASeq.elegans.WBStrain00000001.WBls:0000004.Hermaphrodite.WBbt:0007833.SRP000401.SRX092480	RNASeq_Study.SRP000401	proliferating embryo Ce			
RNASeq.elegans.WBStrain00000001.WBls:0000004.Hermaphrodite.WBbt:0007833.SRP000401.SRX099901	RNASeq_Study.SRP000401	proliferating embryo Ce			
RNASeq.elegans.WBStrain00000001.WBls:0000004.Hermaphrodite.WBbt:0007833.SRP000401.SRX099902	RNASeq_Study.SRP000401	proliferating embryo Ce			
RNASeq.elegans.WBStrain00000001.WBls:0000004.Hermaphrodite.WBbt:0007833.SRP000401.SRX099907	RNASeq_Study.SRP000401	proliferating embryo Ce			
RNASeq.elegans.WBStrain00000001.WBls:0000004.Hermaphrodite.WBbt:0007833.SRP000401.SRX099908	RNASeq_Study.SRP000401	proliferating embryo Ce			
RNASeq.elegans.WBStrain00000001.WBls:0000004.Hermaphrodite.WBbt:0007833.SRP000401.SRX099915	RNASeq_Study.SRP000401	proliferating embryo Ce			
RNASeq.elegans.WBStrain00000001.WBls:0000004.Hermaphrodite.WBbt:0007833.SRP000401.SRX1020634	RNASeq_Study.SRP000401	proliferating embryo Ce			
RNASeq.elegans.WBStrain00000001.WBls:0000004.Hermaphrodite.WBbt:0007833.SRP000401.SRX1020635	RNASeq_Study.SRP000401	proliferating embryo Ce			
RNASeq.elegans.WBStrain00000001.WBls:0000004.Hermaphrodite.WBbt:0007833.SRP000401.SRX1020636	RNASeq_Study.SRP000401	proliferating embryo Ce			
RNASeq.elegans.WBStrain00000001.WBls:0000004.Hermaphrodite.WBbt:0007833.SRP000401.SRX1020637	RNASeq_Study.SRP000401	proliferating embryo Ce			
RNASeq.elegans.WBStrain00000001.WBls:0000004.Hermaphrodite.WBbt:0007833.SRP000401.SRX1020638	RNASeq_Study.SRP000401	proliferating embryo Ce			
RNASeq.elegans.WBStrain00000001.WBls:0000004.Hermaphrodite.WBbt:0007833.SRP000401.SRX1020639	RNASeq_Study.SRP000401	proliferating embryo Ce			
RNASeq.elegans.WBStrain00000001.WBls:0000004.Hermaphrodite.WBbt:0007833.SRP000401.SRX1020640	RNASeq_Study.SRP000401	proliferating embryo Ce			
RNASeq.elegans.WBStrain00000001.WBls:0000004.Hermaphrodite.WBbt:0007833.SRP000401.SRX1020641	RNASeq_Study.SRP000401	proliferating embryo Ce			
RNASeq.elegans.WBStrain00000001.WBls:0000004.Hermaphrodite.WBbt:0007833.SRP000401.SRX1022599	RNASeq_Study.SRP000401	proliferating embryo Ce			
RNASeq.elegans.WBStrain00000001.WBls:0000004.Hermaphrodite.WBbt:0007833.SRP000401.SRX1022600	RNASeq_Study.SRP000401	proliferating embryo Ce			
RNASeq.elegans.WBStrain00000001.WBls:0000004.Hermaphrodite.WBbt:0007833.SRP000401.SRX1022605	RNASeq_Study.SRP000401	proliferating embryo Ce			
RNASeq.elegans.WBStrain00000001.WBls:0000004.Hermaphrodite.WBbt:0007833.SRP000401.SRX1022610	RNASeq_Study.SRP000401	proliferating embryo Ce			
RNASeq.elegans.WBStrain00000001.WBls:0000004.Hermaphrodite.WBbt:0007833.SRP000401.SRX1022611	RNASeq_Study.SRP000401	proliferating embryo Ce			
RNASeq.elegans.WBStrain00000001.WBls:0000004.Hermaphrodite.WBbt:0007833.SRP000401.SRX103649	RNASeq_Study.SRP000401	proliferating embryo Ce			
RNASeq.elegans.WBStrain00000001.WBls:0000004.Hermaphrodite.WBbt:0007833.SRP000401.SRX103650	RNASeq_Study.SRP000401	proliferating embryo Ce			
RNASeq.elegans.WBStrain00000001.WBls:0000004.Hermaphrodite.WBbt:0007833.SRP000401.SRX103651	RNASeq_Study.SRP000401	proliferating embryo Ce			
RNASeq.elegans.WBStrain00000001.WBls:0000004.Hermaphrodite.WBbt:0007833.SRP000401.SRX145486	RNASeq_Study.SRP000401	proliferating embryo Ce			
RNASeq.elegans.WBStrain00000001.WBls:0000004.Hermaphrodite.WBbt:0007833.SRP000401.SRX145660	RNASeq_Study.SRP000401	proliferating embryo Ce			
RNASeq.elegans.WBStrain00000001.WBls:0000004.Hermaphrodite.WBbt:0007833.SRP000401.SRX151597	RNASeq_Study.SRP000401	proliferating embryo Ce			
RNASeq.elegans.WBStrain00000001.WBls:0000004.Hermaphrodite.WBbt:0007833.SRP000401.SRX190364	RNASeq_Study.SRP000401	proliferating embryo Ce			
RNASeq.elegans.WBStrain00000001.WBls:0000004.Hermaphrodite.WBbt:0007833.SRP000401.SRX190369	RNASeq_Study.SRP000401	proliferating embryo Ce			
RNASeq.elegans.WBStrain00000001.WBls:0000006.Hermaphrodite.WBbt:0007833.SRP042619.SRX559705	RNASeq_Study.SRP042619	1-cell embryo Ce			
RNASeq.elegans.WBStrain00000001.WBls:0000006.Hermaphrodite.WBbt:0007833.SRP042619.SRX559706	RNASeq_Study.SRP042619	1-cell embryo Ce			
RNASeq.elegans.WBStrain00000001.WBls:0000007.Hermaphrodite.WBbt:0004015.SRP029448.SRX343218	RNASeq_Study.SRP029448	2-cell embryo Ce			
RNASeq.elegans.WBStrain00000001.WBls:0000007.Hermaphrodite.WBbt:0004015.SRP029448.SRX343219	RNASeq_Study.SRP029448	2-cell embryo Ce			
RNASeq.elegans.WBStrain00000001.WBls:0000007.Hermaphrodite.WBbt:0004015.SRP045110.SRX666563	RNASeq_Study.SRP045110	2-cell embryo Ce			
RNASeq.elegans.WBStrain00000001.WBls:0000007.Hermaphrodite.WBbt:0004015.SRP045110.SRX666565	RNASeq_Study.SRP045110	2-cell embryo Ce			
RNASeq.elegans.WBStrain00000001.WBls:0000007.Hermaphrodite.WBbt:0004015.SRP045110.SRX666567	RNASeq_Study.SRP045110	2-cell embryo Ce			
RNASeq.elegans.WBStrain00000001.WBls:0000007.Hermaphrodite.WBbt:0006770.SRP045110.SRX666564	RNASeq_Study.SRP045110	2-cell embryo Ce			
RNASeq.elegans.WBStrain00000001.WBls:0000007.Hermaphrodite.WBbt:0006770.SRP045110.SRX666566	RNASeq_Study.SRP045110	2-cell embryo Ce			
RNASeq.elegans.WBStrain00000001.WBls:0000007.Hermaphrodite.WBbt:0006770.SRP045110.SRX666568	RNASeq_Study.SRP045110	2-cell embryo Ce			
RNASeq.elegans.WBStrain00000001.WBls:0000007.Hermaphrodite.WBbt:0007833.SRP029448.SRX343215	RNASeq_Study.SRP029448	2-cell embryo Ce			
RNASeq.elegans.WBStrain00000001.WBls:0000007.Hermaphrodite.WBbt:0007833.SRP029448.SRX343216	RNASeq_Study.SRP029448	2-cell embryo Ce			
RNASeq.elegans.WBStrain00000001.WBls:0000007.Hermaphrodite.WBbt:0007833.SRP042619.SRX559707	RNASeq_Study.SRP042619	2-cell embryo Ce			
RNASeq.elegans.WBStrain00000001.WBls:0000007.Hermaphrodite.WBbt:0007833.SRP042619.SRX559708	RNASeq_Study.SRP042619	2-cell embryo Ce			
RNASeq.elegans.WBStrain00000001.WBls:0000008.Hermaphrodite.WBbt:0007833.SRP000401.SRX085219	RNASeq_Study.SRP000401	4-cell embryo Ce			
RNASeq.elegans.WBStrain00000001.WBls:0000008.Hermaphrodite.WBbt:0007833.SRP000401.SRX085220	RNASeq_Study.SRP000401	4-cell embryo Ce			
RNASeq.elegans.WBStrain00000001.WBls:0000008.Hermaphrodite.WBbt:0007833.SRP000401.SRX145480	RNASeq_Study.SRP000401	4-cell embryo Ce			
RNASeq.elegans.WBStrain00000001.WBls:0000010.Hermaphrodite.WBbt:0005772.SRP000401.SRX145482	RNASeq_Study.SRP000401	gastrulating embryo Ce			
RNASeq.elegans.WBStrain00000001.WBls:0000010.Hermaphrodite.WBbt:0007833.SRP000401.SRX085217	RNASeq_Study.SRP000401	gastrulating embryo Ce			
RNASeq.elegans.WBStrain00000001.WBls:0000010.Hermaphrodite.WBbt:0007833.SRP000401.SRX085218	RNASeq_Study.SRP000401	gastrulating embryo Ce			
RNASeq.elegans.WBStrain00000001.WBls:0000010.Hermaphrodite.WBbt:0007833.SRP000401.SRX099985	RNASeq_Study.SRP000401	gastrulating embryo Ce			
RNASeq.elegans.WBStrain00000001.WBls:0000010.Hermaphrodite.WBbt:0007833.SRP000401.SRX099995	RNASeq_Study.SRP000401	gastrulating embryo Ce			
RNASeq.elegans.WBStrain00000001.WBls:0000010.Hermaphrodite.WBbt:0007833.SRP000401.SRX1020630	RNASeq_Study.SRP000401	gastrulating embryo Ce			
RNASeq.elegans.WBStrain00000001.WBls:0000010.Hermaphrodite.WBbt:0007833.SRP000401.SRX1020631	RNASeq_Study.SRP000401	gastrulating embryo Ce			
RNASeq.elegans.WBStrain00000001.WBls:0000010.Hermaphrodite.WBbt:0007833.SRP000401.SRX1020633	RNASeq_Study.SRP000401	gastrulating embryo Ce			
RNASeq.elegans.WBStrain00000001.WBls:0000010.Hermaphrodite.WBbt:0007833.SRP000401.SRX1022585	RNASeq_Study.SRP000401	gastrulating embryo Ce			
RNASeq.elegans.WBStrain00000001.WBls:0000010.Hermaphrodite.WBbt:0007833.SRP000401.SRX1022601	RNASeq_Study.SRP000401	gastrulating embryo Ce			
RNASeq.elegans.WBStrain00000001.WBls:0000010.Hermaphrodite.WBbt:0007833.SRP000401.SRX1022602	RNASeq_Study.SRP000401	gastrulating embryo Ce			
RNASeq.elegans.WBStrain00000001.WBls:0000010.Hermaphrodite.WBbt:0007833.SRP000401.SRX1022603	RNASeq_Study.SRP000401	gastrulating embryo Ce			
RNASeq.elegans.WBStrain00000001.WBls:0000010.Hermaphrodite.WBbt:0007833.SRP000401.SRX1022645	RNASeq_Study.SRP000401	gastrulating embryo Ce			
RNASeq.elegans.WBStrain00000001.WBls:0000010.Hermaphrodite.WBbt:0007833.SRP000401.SRX1022646	RNASeq_Study.SRP000401	gastrulating embryo Ce			
RNASeq.elegans.WBStrain00000001.WBls:0000010.Hermaphrodite.WBbt:0007833.SRP000401.SRX1022647	RNASeq_Study.SRP000401	gastrulating embryo Ce			
RNASeq.elegans.WBStrain00000001.WBls:0000013.Hermaphrodite.WBbt:0007833.SRP000401.SRX099986	RNASeq_Study.SRP000401	enclosing embryo Ce			
RNASeq.elegans.WBStrain00000001.WBls:0000013.Hermaphrodite.WBbt:0007833.SRP000401.SRX099987	RNASeq_Study.SRP000401	enclosing embryo Ce			
RNASeq.elegans.WBStrain00000001.WBls:0000013.Hermaphrodite.WBbt:0007833.SRP000401.SRX099996	RNASeq_Study.SRP000401	enclosing embryo Ce			
RNASeq.elegans.WBStrain00000001.WBls:0000013.Hermaphrodite.WBbt:0007833.SRP000401.SRX099997	RNASeq_Study.SRP000401	enclosing embryo Ce			
RNASeq.elegans.WBStrain00000001.WBls:0000013.Hermaphrodite.WBbt:0007833.SRP000401.SRX099998	RNASeq_Study.SRP000401	enclosing embryo Ce			
RNASeq.elegans.WBStrain00000001.WBls:0000013.Hermaphrodite.WBbt:0007833.SRP000401.SRX1022570	RNASeq_Study.SRP000401	enclosing embryo Ce			
RNASeq.elegans.WBStrain00000001.WBls:0000013.Hermaphrodite.WBbt:0007833.SRP000401.SRX1022571	RNASeq_Study.SRP000401	enclosing embryo Ce			
RNASeq.elegans.WBStrain00000001.WBls:0000013.Hermaphrodite.WBbt:0007833.SRP000401.SRX1022604	RNASeq_Study.SRP000401	enclosing embryo Ce			
RNASeq.elegans.WBStrain00000001.WBls:0000013.Hermaphrodite.WBbt:0007833.SRP000401.SRX1022648	RNASeq_Study.SRP000401	enclosing embryo Ce			
RNASeq.elegans.WBStrain00000001.WBls:0000013.Hermaphrodite.WBbt:0007833.SRP000401.SRX103652	RNASeq_Study.SRP000401	enclosing embryo Ce			
RNASeq.elegans.WBStrain00000001.WBls:0000013.Hermaphrodite.WBbt:0007833.SRP000401.SRX103653	RNASeq_Study.SRP000401	enclosing embryo Ce			
RNASeq.elegans.WBStrain00000001.WBls:0000014.Hermaphrodite.WBbt:0007833.SRP000401.SRX099980	RNASeq_Study.SRP000401	late cleavage stage embryo Ce			
RNASeq.elegans.WBStrain00000001.WBls:0000014.Hermaphrodite.WBbt:0007833.SRP000401.SRX099981	RNASeq_Study.SRP000401	late cleavage stage embryo Ce			
RNASeq.elegans.WBStrain00000001.WBls:0000014.Hermaphrodite.WBbt:0007833.SRP000401.SRX099999	RNASeq_Study.SRP000401	late cleavage stage embryo Ce			
RNASeq.elegans.WBStrain00000001.WBls:0000014.Hermaphrodite.WBbt:0007833.SRP000401.SRX100000	RNASeq_Study.SRP000401	late cleavage stage embryo Ce			
RNASeq.elegans.WBStrain00000001.WBls:0000014.Hermaphrodite.WBbt:0007833.SRP000401.SRX100001	RNASeq_Study.SRP000401	late cleavage stage embryo Ce			
RNASeq.elegans.WBStrain00000001.WBls:0000014.Hermaphrodite.WBbt:0007833.SRP000401.SRX100819	RNASeq_Study.SRP000401	late cleavage stage embryo Ce			
RNASeq.elegans.WBStrain00000001.WBls:0000014.Hermaphrodite.WBbt:0007833.SRP000401.SRX1022568	RNASeq_Study.SRP000401	late cleavage stage embryo Ce			
RNASeq.elegans.WBStrain00000001.WBls:0000014.Hermaphrodite.WBbt:0007833.SRP000401.SRX1022569	RNASeq_Study.SRP000401	late cleavage stage embryo Ce			
RNASeq.elegans.WBStrain00000001.WBls:0000014.Hermaphrodite.WBbt:0007833.SRP000401.SRX1022572	RNASeq_Study.SRP000401	late cleavage stage embryo Ce			
RNASeq.elegans.WBStrain00000001.WBls:0000014.Hermaphrodite.WBbt:0007833.SRP000401.SRX1022573	RNASeq_Study.SRP000401	late cleavage stage embryo Ce			
RNASeq.elegans.WBStrain00000001.WBls:0000014.Hermaphrodite.WBbt:0007833.SRP000401.SRX1022575	RNASeq_Study.SRP000401	late cleavage stage embryo Ce			
RNASeq.elegans.WBStrain00000001.WBls:0000014.Hermaphrodite.WBbt:0007833.SRP000401.SRX1022580	RNASeq_Study.SRP000401	late cleavage stage embryo Ce			
RNASeq.elegans.WBStrain00000001.WBls:0000014.Hermaphrodite.WBbt:0007833.SRP000401.SRX1022581	RNASeq_Study.SRP000401	late cleavage stage embryo Ce			
RNASeq.elegans.WBStrain00000001.WBls:0000014.Hermaphrodite.WBbt:0007833.SRP000401.SRX1022607	RNASeq_Study.SRP000401	late cleavage stage embryo Ce			
RNASeq.elegans.WBStrain00000001.WBls:0000014.Hermaphrodite.WBbt:0007833.SRP000401.SRX1022608	RNASeq_Study.SRP000401	late cleavage stage embryo Ce			
RNASeq.elegans.WBStrain00000001.WBls:0000014.Hermaphrodite.WBbt:0007833.SRP000401.SRX1022649	RNASeq_Study.SRP000401	late cleavage stage embryo Ce			
RNASeq.elegans.WBStrain00000001.WBls:0000014.Hermaphrodite.WBbt:0007833.SRP000401.SRX1022651	RNASeq_Study.SRP000401	late cleavage stage embryo Ce			
RNASeq.elegans.WBStrain00000001.WBls:0000014.Hermaphrodite.WBbt:0007833.SRP000401.SRX1022652	RNASeq_Study.SRP000401	late cleavage stage embryo Ce			
RNASeq.elegans.WBStrain00000001.WBls:0000014.Hermaphrodite.WBbt:0007833.SRP000401.SRX103677	RNASeq_Study.SRP000401	late cleavage stage embryo Ce			
RNASeq.elegans.WBStrain00000001.WBls:0000015.Hermaphrodite.WBbt:0007833.SRP000401.SRX099982	RNASeq_Study.SRP000401	elongating embryo Ce			
RNASeq.elegans.WBStrain00000001.WBls:0000015.Hermaphrodite.WBbt:0007833.SRP000401.SRX099983	RNASeq_Study.SRP000401	elongating embryo Ce			
RNASeq.elegans.WBStrain00000001.WBls:0000015.Hermaphrodite.WBbt:0007833.SRP000401.SRX099984	RNASeq_Study.SRP000401	elongating embryo Ce			
RNASeq.elegans.WBStrain00000001.WBls:0000015.Hermaphrodite.WBbt:0007833.SRP000401.SRX099988	RNASeq_Study.SRP000401	elongating embryo Ce			
RNASeq.elegans.WBStrain00000001.WBls:0000015.Hermaphrodite.WBbt:0007833.SRP000401.SRX099989	RNASeq_Study.SRP000401	elongating embryo Ce			
RNASeq.elegans.WBStrain00000001.WBls:0000015.Hermaphrodite.WBbt:0007833.SRP000401.SRX099990	RNASeq_Study.SRP000401	elongating embryo Ce			
RNASeq.elegans.WBStrain00000001.WBls:0000015.Hermaphrodite.WBbt:0007833.SRP000401.SRX100002	RNASeq_Study.SRP000401	elongating embryo Ce			
RNASeq.elegans.WBStrain00000001.WBls:0000015.Hermaphrodite.WBbt:0007833.SRP000401.SRX100004	RNASeq_Study.SRP000401	elongating embryo Ce			
RNASeq.elegans.WBStrain00000001.WBls:0000015.Hermaphrodite.WBbt:0007833.SRP000401.SRX100005	RNASeq_Study.SRP000401	elongating embryo Ce			
RNASeq.elegans.WBStrain00000001.WBls:0000015.Hermaphrodite.WBbt:0007833.SRP000401.SRX1022576	RNASeq_Study.SRP000401	elongating embryo Ce			
RNASeq.elegans.WBStrain00000001.WBls:0000015.Hermaphrodite.WBbt:0007833.SRP000401.SRX1022578	RNASeq_Study.SRP000401	elongating embryo Ce			
RNASeq.elegans.WBStrain00000001.WBls:0000015.Hermaphrodite.WBbt:0007833.SRP000401.SRX1022579	RNASeq_Study.SRP000401	elongating embryo Ce			
RNASeq.elegans.WBStrain00000001.WBls:0000015.Hermaphrodite.WBbt:0007833.SRP000401.SRX1022582	RNASeq_Study.SRP000401	elongating embryo Ce			
RNASeq.elegans.WBStrain00000001.WBls:0000015.Hermaphrodite.WBbt:0007833.SRP000401.SRX1022583	RNASeq_Study.SRP000401	elongating embryo Ce			
RNASeq.elegans.WBStrain00000001.WBls:0000015.Hermaphrodite.WBbt:0007833.SRP000401.SRX1022586	RNASeq_Study.SRP000401	elongating embryo Ce			
RNASeq.elegans.WBStrain00000001.WBls:0000015.Hermaphrodite.WBbt:0007833.SRP000401.SRX1022587	RNASeq_Study.SRP000401	elongating embryo Ce			
RNASeq.elegans.WBStrain00000001.WBls:0000015.Hermaphrodite.WBbt:0007833.SRP000401.SRX1022588	RNASeq_Study.SRP000401	elongating embryo Ce			
RNASeq.elegans.WBStrain00000001.WBls:0000015.Hermaphrodite.WBbt:0007833.SRP000401.SRX1022589	RNASeq_Study.SRP000401	elongating embryo Ce			
RNASeq.elegans.WBStrain00000001.WBls:0000015.Hermaphrodite.WBbt:0007833.SRP000401.SRX1022593	RNASeq_Study.SRP000401	elongating embryo Ce			
RNASeq.elegans.WBStrain00000001.WBls:0000015.Hermaphrodite.WBbt:0007833.SRP000401.SRX1022653	RNASeq_Study.SRP000401	elongating embryo Ce			
RNASeq.elegans.WBStrain00000001.WBls:0000015.Hermaphrodite.WBbt:0007833.SRP000401.SRX1022654	RNASeq_Study.SRP000401	elongating embryo Ce			
RNASeq.elegans.WBStrain00000001.WBls:0000015.Hermaphrodite.WBbt:0007833.SRP000401.SRX103672	RNASeq_Study.SRP000401	elongating embryo Ce			
RNASeq.elegans.WBStrain00000001.WBls:0000015.Hermaphrodite.WBbt:0007833.SRP000401.SRX103673	RNASeq_Study.SRP000401	elongating embryo Ce			
RNASeq.elegans.WBStrain00000001.WBls:0000017.Hermaphrodite.WBbt:0003810.SRP029448.SRX343324	RNASeq_Study.SRP029448	comma embryo Ce			
RNASeq.elegans.WBStrain00000001.WBls:0000017.Hermaphrodite.WBbt:0003810.SRP029448.SRX343325	RNASeq_Study.SRP029448	comma embryo Ce			
RNASeq.elegans.WBStrain00000001.WBls:0000017.Hermaphrodite.WBbt:0004015.SRP029448.SRX343304	RNASeq_Study.SRP029448	comma embryo Ce			
RNASeq.elegans.WBStrain00000001.WBls:0000017.Hermaphrodite.WBbt:0004015.SRP029448.SRX343305	RNASeq_Study.SRP029448	comma embryo Ce			
RNASeq.elegans.WBStrain00000001.WBls:0000017.Hermaphrodite.WBbt:0004458.SRP029448.SRX343277	RNASeq_Study.SRP029448	comma embryo Ce			
RNASeq.elegans.WBStrain00000001.WBls:0000017.Hermaphrodite.WBbt:0004458.SRP029448.SRX343278	RNASeq_Study.SRP029448	comma embryo Ce			
RNASeq.elegans.WBStrain00000001.WBls:0000017.Hermaphrodite.WBbt:0004804.SRP029448.SRX343252	RNASeq_Study.SRP029448	comma embryo Ce			
RNASeq.elegans.WBStrain00000001.WBls:0000017.Hermaphrodite.WBbt:0004804.SRP029448.SRX343253	RNASeq_Study.SRP029448	comma embryo Ce			
RNASeq.elegans.WBStrain00000001.WBls:0000017.Hermaphrodite.WBbt:0004804.SRP029448.SRX343254	RNASeq_Study.SRP029448	comma embryo Ce			
RNASeq.elegans.WBStrain00000001.WBls:0000017.Hermaphrodite.WBbt:0008115.SRP029448.SRX343342	RNASeq_Study.SRP029448	comma embryo Ce			
RNASeq.elegans.WBStrain00000001.WBls:0000020.Hermaphrodite.WBbt:0007833.SRP000401.SRX099973	RNASeq_Study.SRP000401	3-fold embryo Ce			
RNASeq.elegans.WBStrain00000001.WBls:0000020.Hermaphrodite.WBbt:0007833.SRP000401.SRX099974	RNASeq_Study.SRP000401	3-fold embryo Ce			
RNASeq.elegans.WBStrain00000001.WBls:0000020.Hermaphrodite.WBbt:0007833.SRP000401.SRX099975	RNASeq_Study.SRP000401	3-fold embryo Ce			
RNASeq.elegans.WBStrain00000001.WBls:0000020.Hermaphrodite.WBbt:0007833.SRP000401.SRX099976	RNASeq_Study.SRP000401	3-fold embryo Ce			
RNASeq.elegans.WBStrain00000001.WBls:0000020.Hermaphrodite.WBbt:0007833.SRP000401.SRX099977	RNASeq_Study.SRP000401	3-fold embryo Ce			
RNASeq.elegans.WBStrain00000001.WBls:0000020.Hermaphrodite.WBbt:0007833.SRP000401.SRX099991	RNASeq_Study.SRP000401	3-fold embryo Ce			
RNASeq.elegans.WBStrain00000001.WBls:0000020.Hermaphrodite.WBbt:0007833.SRP000401.SRX099992	RNASeq_Study.SRP000401	3-fold embryo Ce			
RNASeq.elegans.WBStrain00000001.WBls:0000020.Hermaphrodite.WBbt:0007833.SRP000401.SRX099993	RNASeq_Study.SRP000401	3-fold embryo Ce			
RNASeq.elegans.WBStrain00000001.WBls:0000020.Hermaphrodite.WBbt:0007833.SRP000401.SRX1022592	RNASeq_Study.SRP000401	3-fold embryo Ce			
RNASeq.elegans.WBStrain00000001.WBls:0000020.Hermaphrodite.WBbt:0007833.SRP000401.SRX1022596	RNASeq_Study.SRP000401	3-fold embryo Ce			
RNASeq.elegans.WBStrain00000001.WBls:0000020.Hermaphrodite.WBbt:0007833.SRP000401.SRX1022597	RNASeq_Study.SRP000401	3-fold embryo Ce			
RNASeq.elegans.WBStrain00000001.WBls:0000020.Hermaphrodite.WBbt:0007833.SRP000401.SRX1022598	RNASeq_Study.SRP000401	3-fold embryo Ce			
RNASeq.elegans.WBStrain00000001.WBls:0000020.Hermaphrodite.WBbt:0007833.SRP000401.SRX1022609	RNASeq_Study.SRP000401	3-fold embryo Ce			
RNASeq.elegans.WBStrain00000001.WBls:0000020.Hermaphrodite.WBbt:0007833.SRP000401.SRX103669	RNASeq_Study.SRP000401	3-fold embryo Ce			
RNASeq.elegans.WBStrain00000001.WBls:0000020.Hermaphrodite.WBbt:0007833.SRP000401.SRX103670	RNASeq_Study.SRP000401	3-fold embryo Ce			
RNASeq.elegans.WBStrain00000001.WBls:0000020.Hermaphrodite.WBbt:0007833.SRP000401.SRX103671	RNASeq_Study.SRP000401	3-fold embryo Ce			
RNASeq.elegans.WBStrain00000001.WBls:0000021.Hermaphrodite.WBbt:0005451.SRP000401.SRX085286	RNASeq_Study.SRP000401	fully-elongated embryo Ce			
RNASeq.elegans.WBStrain00000001.WBls:0000021.Hermaphrodite.WBbt:0005451.SRP000401.SRX085287	RNASeq_Study.SRP000401	fully-elongated embryo Ce			
RNASeq.elegans.WBStrain00000001.WBls:0000021.Hermaphrodite.WBbt:0007833.SRP000401.SRX004865	RNASeq_Study.SRP000401	fully-elongated embryo Ce			
RNASeq.elegans.WBStrain00000001.WBls:0000021.Hermaphrodite.WBbt:0007833.SRP000401.SRX047446	RNASeq_Study.SRP000401	fully-elongated embryo Ce			
RNASeq.elegans.WBStrain00000001.WBls:0000021.Hermaphrodite.WBbt:0007833.SRP000401.SRX049270	RNASeq_Study.SRP000401	fully-elongated embryo Ce			
RNASeq.elegans.WBStrain00000001.WBls:0000021.Hermaphrodite.WBbt:0007833.SRP000401.SRX099978	RNASeq_Study.SRP000401	fully-elongated embryo Ce			
RNASeq.elegans.WBStrain00000001.WBls:0000021.Hermaphrodite.WBbt:0007833.SRP000401.SRX099979	RNASeq_Study.SRP000401	fully-elongated embryo Ce			
RNASeq.elegans.WBStrain00000001.WBls:0000021.Hermaphrodite.WBbt:0007833.SRP000401.SRX099994	RNASeq_Study.SRP000401	fully-elongated embryo Ce			
RNASeq.elegans.WBStrain00000001.WBls:0000021.Hermaphrodite.WBbt:0007833.SRP000401.SRX100006	RNASeq_Study.SRP000401	fully-elongated embryo Ce			
RNASeq.elegans.WBStrain00000001.WBls:0000023.Hermaphrodite.WBbt:0007833.SRP015688.SRX185639	RNASeq_Study.SRP015688	larva Ce			
RNASeq.elegans.WBStrain00000001.WBls:0000024.Hermaphrodite.WBbt:0003666.SRP000401.SRX139602	RNASeq_Study.SRP000401	L1 larva Ce			
RNASeq.elegans.WBStrain00000001.WBls:0000024.Hermaphrodite.WBbt:0003679.SRP000401.SRX145443	RNASeq_Study.SRP000401	L1 larva Ce			
RNASeq.elegans.WBStrain00000001.WBls:0000024.Hermaphrodite.WBbt:0003679.SRP000401.SRX145446	RNASeq_Study.SRP000401	L1 larva Ce			
RNASeq.elegans.WBStrain00000001.WBls:0000024.Hermaphrodite.WBbt:0007833.ERP003471.ERX278737	RNASeq_Study.ERP003471	L1 larva Ce			
RNASeq.elegans.WBStrain00000001.WBls:0000024.Hermaphrodite.WBbt:0007833.SRP000253.SRX017684	RNASeq_Study.SRP000253	L1 larva Ce			
RNASeq.elegans.WBStrain00000001.WBls:0000024.Hermaphrodite.WBbt:0007833.SRP000401.SRX004867	RNASeq_Study.SRP000401	L1 larva Ce			
RNASeq.elegans.WBStrain00000001.WBls:0000024.Hermaphrodite.WBbt:0007833.SRP000401.SRX037288	RNASeq_Study.SRP000401	L1 larva Ce			
RNASeq.elegans.WBStrain00000001.WBls:0000024.Hermaphrodite.WBbt:0007833.SRP000401.SRX139566	RNASeq_Study.SRP000401	L1 larva Ce			
RNASeq.elegans.WBStrain00000001.WBls:0000024.Hermaphrodite.WBbt:0007833.SRP000401.SRX139591	RNASeq_Study.SRP000401	L1 larva Ce			
RNASeq.elegans.WBStrain00000001.WBls:0000024.Hermaphrodite.WBbt:0007833.SRP000401.SRX145444	RNASeq_Study.SRP000401	L1 larva Ce			
RNASeq.elegans.WBStrain00000001.WBls:0000024.Hermaphrodite.WBbt:0007833.SRP000401.SRX145447	RNASeq_Study.SRP000401	L1 larva Ce			
RNASeq.elegans.WBStrain00000001.WBls:0000024.Hermaphrodite.WBbt:0007833.SRP003492.SRX026729	RNASeq_Study.SRP003492	L1 larva Ce			
RNASeq.elegans.WBStrain00000001.WBls:0000024.Hermaphrodite.WBbt:0007833.SRP003783.SRX028197	RNASeq_Study.SRP003783	L1 larva Ce			
RNASeq.elegans.WBStrain00000001.WBls:0000024.Hermaphrodite.WBbt:0007833.SRP003783.SRX028201	RNASeq_Study.SRP003783	L1 larva Ce			
RNASeq.elegans.WBStrain00000001.WBls:0000024.Hermaphrodite.WBbt:0007833.SRP008969.SRX101381	RNASeq_Study.SRP008969	L1 larva Ce			
RNASeq.elegans.WBStrain00000001.WBls:0000024.Hermaphrodite.WBbt:0007833.SRP008969.SRX101382	RNASeq_Study.SRP008969	L1 larva Ce			
RNASeq.elegans.WBStrain00000001.WBls:0000024.Hermaphrodite.WBbt:0007833.SRP008969.SRX101383	RNASeq_Study.SRP008969	L1 larva Ce			
RNASeq.elegans.WBStrain00000001.WBls:0000024.Hermaphrodite.WBbt:0007833.SRP008969.SRX101384	RNASeq_Study.SRP008969	L1 larva Ce			
RNASeq.elegans.WBStrain00000001.WBls:0000024.Hermaphrodite.WBbt:0007833.SRP008969.SRX101385	RNASeq_Study.SRP008969	L1 larva Ce			
RNASeq.elegans.WBStrain00000001.WBls:0000024.Hermaphrodite.WBbt:0007833.SRP008969.SRX101386	RNASeq_Study.SRP008969	L1 larva Ce			
RNASeq.elegans.WBStrain00000001.WBls:0000024.Hermaphrodite.WBbt:0007833.SRP008969.SRX101387	RNASeq_Study.SRP008969	L1 larva Ce			
RNASeq.elegans.WBStrain00000001.WBls:0000024.Hermaphrodite.WBbt:0007833.SRP008969.SRX101388	RNASeq_Study.SRP008969	L1 larva Ce			
RNASeq.elegans.WBStrain00000001.WBls:0000024.Hermaphrodite.WBbt:0007833.SRP008969.SRX101389	RNASeq_Study.SRP008969	L1 larva Ce			
RNASeq.elegans.WBStrain00000001.WBls:0000024.Hermaphrodite.WBbt:0007833.SRP008969.SRX101390	RNASeq_Study.SRP008969	L1 larva Ce			
RNASeq.elegans.WBStrain00000001.WBls:0000024.Hermaphrodite.WBbt:0007833.SRP010374.SRX116361	RNASeq_Study.SRP010374	L1 larva Ce			
RNASeq.elegans.WBStrain00000001.WBls:0000024.Hermaphrodite.WBbt:0007833.SRP010374.SRX116363	RNASeq_Study.SRP010374	L1 larva Ce			
RNASeq.elegans.WBStrain00000001.WBls:0000024.Hermaphrodite.WBbt:0007833.SRP010374.SRX118116	RNASeq_Study.SRP010374	L1 larva Ce			
RNASeq.elegans.WBStrain00000001.WBls:0000024.Hermaphrodite.WBbt:0007833.SRP010374.SRX118117	RNASeq_Study.SRP010374	L1 larva Ce			
RNASeq.elegans.WBStrain00000001.WBls:0000024.Hermaphrodite.WBbt:0007833.SRP010374.SRX118118	RNASeq_Study.SRP010374	L1 larva Ce			
RNASeq.elegans.WBStrain00000001.WBls:0000024.Hermaphrodite.WBbt:0007833.SRP034522.SRX392696	RNASeq_Study.SRP034522	L1 larva Ce			
RNASeq.elegans.WBStrain00000001.WBls:0000024.Hermaphrodite.WBbt:0007833.SRP034522.SRX392697	RNASeq_Study.SRP034522	L1 larva Ce			
RNASeq.elegans.WBStrain00000001.WBls:0000024.Hermaphrodite.WBbt:0007833.SRP034522.SRX392698	RNASeq_Study.SRP034522	L1 larva Ce			
RNASeq.elegans.WBStrain00000001.WBls:0000024.Hermaphrodite.WBbt:0007833.SRP058023.SRX1019176	RNASeq_Study.SRP058023	L1 larva Ce			
RNASeq.elegans.WBStrain00000001.WBls:0000024.Hermaphrodite.WBbt:0007833.SRP058023.SRX1019177	RNASeq_Study.SRP058023	L1 larva Ce			
RNASeq.elegans.WBStrain00000001.WBls:0000027.Hermaphrodite.WBbt:0005409.SRP000401.SRX139567	RNASeq_Study.SRP000401	L2 larva Ce			
RNASeq.elegans.WBStrain00000001.WBls:0000027.Hermaphrodite.WBbt:0005409.SRP000401.SRX139592	RNASeq_Study.SRP000401	L2 larva Ce			
RNASeq.elegans.WBStrain00000001.WBls:0000027.Hermaphrodite.WBbt:0005409.SRP000401.SRX139603	RNASeq_Study.SRP000401	L2 larva Ce			
RNASeq.elegans.WBStrain00000001.WBls:0000027.Hermaphrodite.WBbt:0007833.ERP003471.ERX278739	RNASeq_Study.ERP003471	L2 larva Ce			
RNASeq.elegans.WBStrain00000001.WBls:0000027.Hermaphrodite.WBbt:0007833.SRP000401.SRX001872	RNASeq_Study.SRP000401	L2 larva Ce			
RNASeq.elegans.WBStrain00000001.WBls:0000027.Hermaphrodite.WBbt:0007833.SRP000401.SRX047653	RNASeq_Study.SRP000401	L2 larva Ce			
RNASeq.elegans.WBStrain00000001.WBls:0000027.Hermaphrodite.WBbt:0007833.SRP000401.SRX145661	RNASeq_Study.SRP000401	L2 larva Ce			
RNASeq.elegans.WBStrain00000001.WBls:0000027.Hermaphrodite.WBbt:0007833.SRP000401.SRX151607	RNASeq_Study.SRP000401	L2 larva Ce			
RNASeq.elegans.WBStrain00000001.WBls:0000027.Hermaphrodite.WBbt:0007833.SRP000401.SRX190370	RNASeq_Study.SRP000401	L2 larva Ce			
RNASeq.elegans.WBStrain00000001.WBls:0000027.Hermaphrodite.WBbt:0007833.SRP003783.SRX028198	RNASeq_Study.SRP003783	L2 larva Ce			
RNASeq.elegans.WBStrain00000001.WBls:0000027.Hermaphrodite.WBbt:0007833.SRP003783.SRX028202	RNASeq_Study.SRP003783	L2 larva Ce			
RNASeq.elegans.WBStrain00000001.WBls:0000027.Hermaphrodite.WBbt:0007833.SRP010374.SRX118119	RNASeq_Study.SRP010374	L2 larva Ce			
RNASeq.elegans.WBStrain00000001.WBls:0000027.Hermaphrodite.WBbt:0007833.SRP010374.SRX118120	RNASeq_Study.SRP010374	L2 larva Ce			
RNASeq.elegans.WBStrain00000001.WBls:0000027.Hermaphrodite.WBbt:0007833.SRP034522.SRX392699	RNASeq_Study.SRP034522	L2 larva Ce			
RNASeq.elegans.WBStrain00000001.WBls:0000032.Hermaphrodite.WBbt:0007833.SRP058023.SRX1019178	RNASeq_Study.SRP058023	dauer larva Ce			
RNASeq.elegans.WBStrain00000001.WBls:0000032.Hermaphrodite.WBbt:0007833.SRP058023.SRX1019179	RNASeq_Study.SRP058023	dauer larva Ce			
RNASeq.elegans.WBStrain00000001.WBls:0000035.Hermaphrodite.WBbt:0007833.ERP003471.ERX278740	RNASeq_Study.ERP003471	L3 larva Ce			
RNASeq.elegans.WBStrain00000001.WBls:0000035.Hermaphrodite.WBbt:0007833.SRP000401.SRX001875	RNASeq_Study.SRP000401	L3 larva Ce			
RNASeq.elegans.WBStrain00000001.WBls:0000035.Hermaphrodite.WBbt:0007833.SRP000401.SRX036881	RNASeq_Study.SRP000401	L3 larva Ce			
RNASeq.elegans.WBStrain00000001.WBls:0000035.Hermaphrodite.WBbt:0007833.SRP003492.SRX026728	RNASeq_Study.SRP003492	L3 larva Ce			
RNASeq.elegans.WBStrain00000001.WBls:0000035.Hermaphrodite.WBbt:0007833.SRP003783.SRX028199	RNASeq_Study.SRP003783	L3 larva Ce			
RNASeq.elegans.WBStrain00000001.WBls:0000035.Hermaphrodite.WBbt:0007833.SRP003783.SRX028203	RNASeq_Study.SRP003783	L3 larva Ce			
RNASeq.elegans.WBStrain00000001.WBls:0000035.Hermaphrodite.WBbt:0007833.SRP010374.SRX118124	RNASeq_Study.SRP010374	L3 larva Ce			
RNASeq.elegans.WBStrain00000001.WBls:0000035.Hermaphrodite.WBbt:0007833.SRP010374.SRX118125	RNASeq_Study.SRP010374	L3 larva Ce			
RNASeq.elegans.WBStrain00000001.WBls:0000035.Hermaphrodite.WBbt:0007833.SRP010374.SRX118128	RNASeq_Study.SRP010374	L3 larva Ce			
RNASeq.elegans.WBStrain00000001.WBls:0000035.Hermaphrodite.WBbt:0007833.SRP010374.SRX118139	RNASeq_Study.SRP010374	L3 larva Ce			
RNASeq.elegans.WBStrain00000001.WBls:0000035.Hermaphrodite.WBbt:0007833.SRP010374.SRX118143	RNASeq_Study.SRP010374	L3 larva Ce			
RNASeq.elegans.WBStrain00000001.WBls:0000035.Hermaphrodite.WBbt:0007833.SRP010374.SRX118144	RNASeq_Study.SRP010374	L3 larva Ce			
RNASeq.elegans.WBStrain00000001.WBls:0000035.Hermaphrodite.WBbt:0007833.SRP034522.SRX392700	RNASeq_Study.SRP034522	L3 larva Ce			
RNASeq.elegans.WBStrain00000001.WBls:0000035.Hermaphrodite.WBbt:0007833.SRP038704.SRX474206	RNASeq_Study.SRP038704	L3 larva Ce			
RNASeq.elegans.WBStrain00000001.WBls:0000035.Hermaphrodite.WBbt:0007833.SRP038704.SRX474207	RNASeq_Study.SRP038704	L3 larva Ce			
RNASeq.elegans.WBStrain00000001.WBls:0000035.Hermaphrodite.WBbt:0007833.SRP038704.SRX474208	RNASeq_Study.SRP038704	L3 larva Ce			
RNASeq.elegans.WBStrain00000001.WBls:0000038.Hermaphrodite.WBbt:0003810.SRP035507.SRX437635	RNASeq_Study.SRP035507	L4 larva Ce			
RNASeq.elegans.WBStrain00000001.WBls:0000038.Hermaphrodite.WBbt:0003810.SRP035507.SRX437640	RNASeq_Study.SRP035507	L4 larva Ce			
RNASeq.elegans.WBStrain00000001.WBls:0000038.Hermaphrodite.WBbt:0007833.SRP000401.SRX001874	RNASeq_Study.SRP000401	L4 larva Ce			
RNASeq.elegans.WBStrain00000001.WBls:0000038.Hermaphrodite.WBbt:0007833.SRP000401.SRX008144	RNASeq_Study.SRP000401	L4 larva Ce			
RNASeq.elegans.WBStrain00000001.WBls:0000038.Hermaphrodite.WBbt:0007833.SRP000401.SRX049268	RNASeq_Study.SRP000401	L4 larva Ce			
RNASeq.elegans.WBStrain00000001.WBls:0000038.Hermaphrodite.WBbt:0007833.SRP000401.SRX049269	RNASeq_Study.SRP000401	L4 larva Ce			
RNASeq.elegans.WBStrain00000001.WBls:0000038.Hermaphrodite.WBbt:0007833.SRP000401.SRX100631	RNASeq_Study.SRP000401	L4 larva Ce			
RNASeq.elegans.WBStrain00000001.WBls:0000038.Hermaphrodite.WBbt:0007833.SRP000401.SRX100633	RNASeq_Study.SRP000401	L4 larva Ce			
RNASeq.elegans.WBStrain00000001.WBls:0000038.Hermaphrodite.WBbt:0007833.SRP003783.SRX028200	RNASeq_Study.SRP003783	L4 larva Ce			
RNASeq.elegans.WBStrain00000001.WBls:0000038.Hermaphrodite.WBbt:0007833.SRP010374.SRX118126	RNASeq_Study.SRP010374	L4 larva Ce			
RNASeq.elegans.WBStrain00000001.WBls:0000038.Hermaphrodite.WBbt:0007833.SRP010374.SRX118127	RNASeq_Study.SRP010374	L4 larva Ce			
RNASeq.elegans.WBStrain00000001.WBls:0000038.Hermaphrodite.WBbt:0007833.SRP010374.SRX118140	RNASeq_Study.SRP010374	L4 larva Ce			
RNASeq.elegans.WBStrain00000001.WBls:0000038.Hermaphrodite.WBbt:0007833.SRP018033.SRX218380	RNASeq_Study.SRP018033	L4 larva Ce			
RNASeq.elegans.WBStrain00000001.WBls:0000038.Hermaphrodite.WBbt:0007833.SRP018033.SRX218381	RNASeq_Study.SRP018033	L4 larva Ce			
RNASeq.elegans.WBStrain00000001.WBls:0000038.Hermaphrodite.WBbt:0007833.SRP018033.SRX218382	RNASeq_Study.SRP018033	L4 larva Ce			
RNASeq.elegans.WBStrain00000001.WBls:0000038.Hermaphrodite.WBbt:0007833.SRP018033.SRX218383	RNASeq_Study.SRP018033	L4 larva Ce			
RNASeq.elegans.WBStrain00000001.WBls:0000038.Hermaphrodite.WBbt:0007833.SRP034522.SRX392701	RNASeq_Study.SRP034522	L4 larva Ce			
RNASeq.elegans.WBStrain00000001.WBls:0000038.Hermaphrodite.WBbt:0007833.SRP034522.SRX392702	RNASeq_Study.SRP034522	L4 larva Ce			
RNASeq.elegans.WBStrain00000001.WBls:0000038.Hermaphrodite.WBbt:0007833.SRP035479.SRX435689	RNASeq_Study.SRP035479	L4 larva Ce			
RNASeq.elegans.WBStrain00000001.WBls:0000038.Hermaphrodite.WBbt:0007833.SRP035479.SRX435690	RNASeq_Study.SRP035479	L4 larva Ce			
RNASeq.elegans.WBStrain00000001.WBls:0000038.Hermaphrodite.WBbt:0007833.SRP035479.SRX435691	RNASeq_Study.SRP035479	L4 larva Ce			
RNASeq.elegans.WBStrain00000001.WBls:0000038.Hermaphrodite.WBbt:0007833.SRP035479.SRX435692	RNASeq_Study.SRP035479	L4 larva Ce			
RNASeq.elegans.WBStrain00000001.WBls:0000038.Hermaphrodite.WBbt:0007833.SRP035479.SRX435693	RNASeq_Study.SRP035479	L4 larva Ce			
RNASeq.elegans.WBStrain00000001.WBls:0000038.Hermaphrodite.WBbt:0007833.SRP035479.SRX435694	RNASeq_Study.SRP035479	L4 larva Ce			
RNASeq.elegans.WBStrain00000001.WBls:0000038.Hermaphrodite.WBbt:0007833.SRP041095.SRX514835	RNASeq_Study.SRP041095	L4 larva Ce			
RNASeq.elegans.WBStrain00000001.WBls:0000038.Hermaphrodite.WBbt:0007833.SRP047464.SRX709649	RNASeq_Study.SRP047464	L4 larva Ce			
RNASeq.elegans.WBStrain00000001.WBls:0000038.Hermaphrodite.WBbt:0007833.SRP047464.SRX709650	RNASeq_Study.SRP047464	L4 larva Ce			
RNASeq.elegans.WBStrain00000001.WBls:0000038.Hermaphrodite.WBbt:0007833.SRP051404.SRX819627	RNASeq_Study.SRP051404	L4 larva Ce			
RNASeq.elegans.WBStrain00000001.WBls:0000038.Hermaphrodite.WBbt:0007833.SRP051404.SRX819628	RNASeq_Study.SRP051404	L4 larva Ce			
RNASeq.elegans.WBStrain00000001.WBls:0000038.Hermaphrodite.WBbt:0007833.SRP051404.SRX819629	RNASeq_Study.SRP051404	L4 larva Ce			
RNASeq.elegans.WBStrain00000001.WBls:0000038.Hermaphrodite.WBbt:0007833.SRP051404.SRX819630	RNASeq_Study.SRP051404	L4 larva Ce			
RNASeq.elegans.WBStrain00000001.WBls:0000038.Hermaphrodite.WBbt:0007833.SRP051404.SRX819631	RNASeq_Study.SRP051404	L4 larva Ce			
RNASeq.elegans.WBStrain00000001.WBls:0000038.Hermaphrodite.WBbt:0007833.SRP051404.SRX819632	RNASeq_Study.SRP051404	L4 larva Ce			
RNASeq.elegans.WBStrain00000001.WBls:0000038.Hermaphrodite.WBbt:0007833.SRP051404.SRX819633	RNASeq_Study.SRP051404	L4 larva Ce			
RNASeq.elegans.WBStrain00000001.WBls:0000038.Hermaphrodite.WBbt:0007833.SRP051404.SRX819634	RNASeq_Study.SRP051404	L4 larva Ce			
RNASeq.elegans.WBStrain00000001.WBls:0000038.Hermaphrodite.WBbt:0007833.SRP051404.SRX819635	RNASeq_Study.SRP051404	L4 larva Ce			
RNASeq.elegans.WBStrain00000001.WBls:0000038.Hermaphrodite.WBbt:0007833.SRP051404.SRX819636	RNASeq_Study.SRP051404	L4 larva Ce			
RNASeq.elegans.WBStrain00000001.WBls:0000038.Hermaphrodite.WBbt:0007833.SRP051404.SRX819637	RNASeq_Study.SRP051404	L4 larva Ce			
RNASeq.elegans.WBStrain00000001.WBls:0000038.Hermaphrodite.WBbt:0007833.SRP051404.SRX819638	RNASeq_Study.SRP051404	L4 larva Ce			
RNASeq.elegans.WBStrain00000001.WBls:0000038.Hermaphrodite.WBbt:0007833.SRP051404.SRX819639	RNASeq_Study.SRP051404	L4 larva Ce			
RNASeq.elegans.WBStrain00000001.WBls:0000038.Hermaphrodite.WBbt:0007833.SRP051404.SRX819640	RNASeq_Study.SRP051404	L4 larva Ce			
RNASeq.elegans.WBStrain00000001.WBls:0000038.Hermaphrodite.WBbt:0007833.SRP051404.SRX819641	RNASeq_Study.SRP051404	L4 larva Ce			
RNASeq.elegans.WBStrain00000001.WBls:0000038.Hermaphrodite.WBbt:0007833.SRP051404.SRX819642	RNASeq_Study.SRP051404	L4 larva Ce			
RNASeq.elegans.WBStrain00000001.WBls:0000038.Hermaphrodite.WBbt:0007833.SRP051404.SRX819643	RNASeq_Study.SRP051404	L4 larva Ce			
RNASeq.elegans.WBStrain00000001.WBls:0000038.Hermaphrodite.WBbt:0007833.SRP051404.SRX819644	RNASeq_Study.SRP051404	L4 larva Ce			
RNASeq.elegans.WBStrain00000001.WBls:0000038.Hermaphrodite.WBbt:0007833.SRP051404.SRX819645	RNASeq_Study.SRP051404	L4 larva Ce			
RNASeq.elegans.WBStrain00000001.WBls:0000038.Hermaphrodite.WBbt:0007833.SRP051404.SRX819646	RNASeq_Study.SRP051404	L4 larva Ce			
RNASeq.elegans.WBStrain00000001.WBls:0000038.Hermaphrodite.WBbt:0007833.SRP051404.SRX819647	RNASeq_Study.SRP051404	L4 larva Ce			
RNASeq.elegans.WBStrain00000001.WBls:0000038.Hermaphrodite.WBbt:0007833.SRP051404.SRX819648	RNASeq_Study.SRP051404	L4 larva Ce			
RNASeq.elegans.WBStrain00000001.WBls:0000038.Hermaphrodite.WBbt:0007833.SRP051404.SRX819649	RNASeq_Study.SRP051404	L4 larva Ce			
RNASeq.elegans.WBStrain00000001.WBls:0000038.Hermaphrodite.WBbt:0007833.SRP051404.SRX819650	RNASeq_Study.SRP051404	L4 larva Ce			
RNASeq.elegans.WBStrain00000001.WBls:0000038.Male.WBbt:0007833.SRP000401.SRX047469	RNASeq_Study.SRP000401	L4 larva Ce			
RNASeq.elegans.WBStrain00000001.WBls:0000038.Male.WBbt:0007833.SRP000401.SRX049745	RNASeq_Study.SRP000401	L4 larva Ce			
RNASeq.elegans.WBStrain00000001.WBls:0000038.Male.WBbt:0007833.SRP000401.SRX050630	RNASeq_Study.SRP000401	L4 larva Ce			
RNASeq.elegans.WBStrain00000001.WBls:0000041.Hermaphrodite.WBbt:0005175.SRP000401.SRX151618	RNASeq_Study.SRP000401	adult Ce			
RNASeq.elegans.WBStrain00000001.WBls:0000041.Hermaphrodite.WBbt:0005175.SRP000401.SRX190367	RNASeq_Study.SRP000401	adult Ce			
RNASeq.elegans.WBStrain00000001.WBls:0000041.Hermaphrodite.WBbt:0006797.SRP042619.SRX559709	RNASeq_Study.SRP042619	adult Ce			
RNASeq.elegans.WBStrain00000001.WBls:0000041.Hermaphrodite.WBbt:0006797.SRP042619.SRX559710	RNASeq_Study.SRP042619	adult Ce			
RNASeq.elegans.WBStrain00000001.WBls:0000041.Hermaphrodite.WBbt:0006798.SRP042619.SRX559711	RNASeq_Study.SRP042619	adult Ce			
RNASeq.elegans.WBStrain00000001.WBls:0000041.Hermaphrodite.WBbt:0006798.SRP042619.SRX559712	RNASeq_Study.SRP042619	adult Ce			
RNASeq.elegans.WBStrain00000001.WBls:0000041.Hermaphrodite.WBbt:0007833.SRP000401.SRX035162	RNASeq_Study.SRP000401	adult Ce			
RNASeq.elegans.WBStrain00000001.WBls:0000041.Hermaphrodite.WBbt:0007833.SRP000401.SRX036882	RNASeq_Study.SRP000401	adult Ce			
RNASeq.elegans.WBStrain00000001.WBls:0000041.Hermaphrodite.WBbt:0007833.SRP000401.SRX036967	RNASeq_Study.SRP000401	adult Ce			
RNASeq.elegans.WBStrain00000001.WBls:0000041.Hermaphrodite.WBbt:0007833.SRP000401.SRX036969	RNASeq_Study.SRP000401	adult Ce			
RNASeq.elegans.WBStrain00000001.WBls:0000041.Hermaphrodite.WBbt:0007833.SRP000401.SRX036970	RNASeq_Study.SRP000401	adult Ce			
RNASeq.elegans.WBStrain00000001.WBls:0000041.Hermaphrodite.WBbt:0007833.SRP016006.SRX191947	RNASeq_Study.SRP016006	adult Ce			
RNASeq.elegans.WBStrain00000001.WBls:0000041.Hermaphrodite.WBbt:0007833.SRP016006.SRX191948	RNASeq_Study.SRP016006	adult Ce			
RNASeq.elegans.WBStrain00000001.WBls:0000041.Hermaphrodite.WBbt:0007833.SRP016006.SRX191949	RNASeq_Study.SRP016006	adult Ce			
RNASeq.elegans.WBStrain00000001.WBls:0000041.Hermaphrodite.WBbt:0007833.SRP058023.SRX1019180	RNASeq_Study.SRP058023	adult Ce			
RNASeq.elegans.WBStrain00000001.WBls:0000041.Hermaphrodite.WBbt:0007833.SRP058023.SRX1019181	RNASeq_Study.SRP058023	adult Ce			
RNASeq.elegans.WBStrain00000001.WBls:0000041.Male.WBbt:0007833.SRP016006.SRX191950	RNASeq_Study.SRP016006	adult Ce			
RNASeq.elegans.WBStrain00000001.WBls:0000041.Male.WBbt:0007833.SRP016006.SRX191951	RNASeq_Study.SRP016006	adult Ce			
RNASeq.elegans.WBStrain00000001.WBls:0000041.Male.WBbt:0007833.SRP016006.SRX191952	RNASeq_Study.SRP016006	adult Ce			
RNASeq.elegans.WBStrain00000001.WBls:0000063.Female.WBbt:0007833.SRP034667.SRX397088	RNASeq_Study.SRP034667	newly molted young adult hermaphrodite Ce			
RNASeq.elegans.WBStrain00000001.WBls:0000063.Female.WBbt:0007833.SRP034667.SRX397089	RNASeq_Study.SRP034667	newly molted young adult hermaphrodite Ce			
RNASeq.elegans.WBStrain00000001.WBls:0000063.Female.WBbt:0007833.SRP034667.SRX397090	RNASeq_Study.SRP034667	newly molted young adult hermaphrodite Ce			
RNASeq.elegans.WBStrain00000001.WBls:0000063.Female.WBbt:0007833.SRP034667.SRX397091	RNASeq_Study.SRP034667	newly molted young adult hermaphrodite Ce			
RNASeq.elegans.WBStrain00000001.WBls:0000063.Hermaphrodite.WBbt:0005784.SRP057263.SRX997493	RNASeq_Study.SRP057263	newly molted young adult hermaphrodite Ce			
RNASeq.elegans.WBStrain00000001.WBls:0000063.Hermaphrodite.WBbt:0005784.SRP057263.SRX997495	RNASeq_Study.SRP057263	newly molted young adult hermaphrodite Ce			
RNASeq.elegans.WBStrain00000001.WBls:0000063.Hermaphrodite.WBbt:0007833.SRP000401.SRX001873	RNASeq_Study.SRP000401	newly molted young adult hermaphrodite Ce			
RNASeq.elegans.WBStrain00000001.WBls:0000063.Hermaphrodite.WBbt:0007833.SRP000401.SRX014006	RNASeq_Study.SRP000401	newly molted young adult hermaphrodite Ce			
RNASeq.elegans.WBStrain00000001.WBls:0000063.Hermaphrodite.WBbt:0007833.SRP000401.SRX014007	RNASeq_Study.SRP000401	newly molted young adult hermaphrodite Ce			
RNASeq.elegans.WBStrain00000001.WBls:0000063.Hermaphrodite.WBbt:0007833.SRP000401.SRX014008	RNASeq_Study.SRP000401	newly molted young adult hermaphrodite Ce			
RNASeq.elegans.WBStrain00000001.WBls:0000063.Hermaphrodite.WBbt:0007833.SRP000401.SRX014009	RNASeq_Study.SRP000401	newly molted young adult hermaphrodite Ce			
RNASeq.elegans.WBStrain00000001.WBls:0000063.Hermaphrodite.WBbt:0007833.SRP000401.SRX047787	RNASeq_Study.SRP000401	newly molted young adult hermaphrodite Ce			
RNASeq.elegans.WBStrain00000001.WBls:0000063.Hermaphrodite.WBbt:0007833.SRP000401.SRX103986	RNASeq_Study.SRP000401	newly molted young adult hermaphrodite Ce			
RNASeq.elegans.WBStrain00000001.WBls:0000063.Hermaphrodite.WBbt:0007833.SRP000401.SRX103987	RNASeq_Study.SRP000401	newly molted young adult hermaphrodite Ce			
RNASeq.elegans.WBStrain00000001.WBls:0000063.Hermaphrodite.WBbt:0007833.SRP000401.SRX103988	RNASeq_Study.SRP000401	newly molted young adult hermaphrodite Ce			
RNASeq.elegans.WBStrain00000001.WBls:0000063.Hermaphrodite.WBbt:0007833.SRP000401.SRX103989	RNASeq_Study.SRP000401	newly molted young adult hermaphrodite Ce			
RNASeq.elegans.WBStrain00000001.WBls:0000063.Hermaphrodite.WBbt:0007833.SRP000401.SRX103990	RNASeq_Study.SRP000401	newly molted young adult hermaphrodite Ce			
RNASeq.elegans.WBStrain00000001.WBls:0000063.Hermaphrodite.WBbt:0007833.SRP000401.SRX103991	RNASeq_Study.SRP000401	newly molted young adult hermaphrodite Ce			
RNASeq.elegans.WBStrain00000001.WBls:0000063.Hermaphrodite.WBbt:0007833.SRP015918.SRX189885	RNASeq_Study.SRP015918	newly molted young adult hermaphrodite Ce			
RNASeq.elegans.WBStrain00000001.WBls:0000063.Hermaphrodite.WBbt:0007833.SRP034522.SRX392703	RNASeq_Study.SRP034522	newly molted young adult hermaphrodite Ce			
RNASeq.elegans.WBStrain00000001.WBls:0000063.Hermaphrodite.WBbt:0007833.SRP035359.SRX426002	RNASeq_Study.SRP035359	newly molted young adult hermaphrodite Ce			
RNASeq.elegans.WBStrain00000001.WBls:0000063.Hermaphrodite.WBbt:0007833.SRP035359.SRX426003	RNASeq_Study.SRP035359	newly molted young adult hermaphrodite Ce			
RNASeq.elegans.WBStrain00000001.WBls:0000063.Hermaphrodite.WBbt:0007833.SRP035359.SRX426004	RNASeq_Study.SRP035359	newly molted young adult hermaphrodite Ce			
RNASeq.elegans.WBStrain00000001.WBls:0000063.Hermaphrodite.WBbt:0007833.SRP035359.SRX426005	RNASeq_Study.SRP035359	newly molted young adult hermaphrodite Ce			
RNASeq.elegans.WBStrain00000001.WBls:0000063.Hermaphrodite.WBbt:0007833.SRP035359.SRX426006	RNASeq_Study.SRP035359	newly molted young adult hermaphrodite Ce			
RNASeq.elegans.WBStrain00000001.WBls:0000063.Hermaphrodite.WBbt:0007833.SRP035359.SRX426007	RNASeq_Study.SRP035359	newly molted young adult hermaphrodite Ce			
RNASeq.elegans.WBStrain00000001.WBls:0000063.Hermaphrodite.WBbt:0007833.SRP035359.SRX426008	RNASeq_Study.SRP035359	newly molted young adult hermaphrodite Ce			
RNASeq.elegans.WBStrain00000001.WBls:0000063.Hermaphrodite.WBbt:0007833.SRP035359.SRX426009	RNASeq_Study.SRP035359	newly molted young adult hermaphrodite Ce			
RNASeq.elegans.WBStrain00000001.WBls:0000063.Hermaphrodite.WBbt:0007833.SRP035359.SRX426010	RNASeq_Study.SRP035359	newly molted young adult hermaphrodite Ce			
RNASeq.elegans.WBStrain00000001.WBls:0000063.Hermaphrodite.WBbt:0007833.SRP035359.SRX426011	RNASeq_Study.SRP035359	newly molted young adult hermaphrodite Ce			
RNASeq.elegans.WBStrain00000001.WBls:0000063.Hermaphrodite.WBbt:0007833.SRP035359.SRX426012	RNASeq_Study.SRP035359	newly molted young adult hermaphrodite Ce			
RNASeq.elegans.WBStrain00000001.WBls:0000063.Hermaphrodite.WBbt:0007833.SRP035359.SRX426013	RNASeq_Study.SRP035359	newly molted young adult hermaphrodite Ce			
RNASeq.elegans.WBStrain00000001.WBls:0000063.Hermaphrodite.WBbt:0007833.SRP035359.SRX426014	RNASeq_Study.SRP035359	newly molted young adult hermaphrodite Ce			
RNASeq.elegans.WBStrain00000001.WBls:0000063.Hermaphrodite.WBbt:0007833.SRP035359.SRX426015	RNASeq_Study.SRP035359	newly molted young adult hermaphrodite Ce			
RNASeq.elegans.WBStrain00000001.WBls:0000063.Hermaphrodite.WBbt:0007833.SRP035359.SRX426016	RNASeq_Study.SRP035359	newly molted young adult hermaphrodite Ce			
RNASeq.elegans.WBStrain00000001.WBls:0000063.Hermaphrodite.WBbt:0007833.SRP035359.SRX426017	RNASeq_Study.SRP035359	newly molted young adult hermaphrodite Ce			
RNASeq.elegans.WBStrain00000001.WBls:0000063.Hermaphrodite.WBbt:0007833.SRP035359.SRX426018	RNASeq_Study.SRP035359	newly molted young adult hermaphrodite Ce			
RNASeq.elegans.WBStrain00000001.WBls:0000063.Hermaphrodite.WBbt:0007833.SRP035359.SRX426019	RNASeq_Study.SRP035359	newly molted young adult hermaphrodite Ce			
RNASeq.elegans.WBStrain00000001.WBls:0000063.Hermaphrodite.WBbt:0007833.SRP040269.SRX494547	RNASeq_Study.SRP040269	newly molted young adult hermaphrodite Ce			
RNASeq.elegans.WBStrain00000001.WBls:0000063.Hermaphrodite.WBbt:0007833.SRP040269.SRX494548	RNASeq_Study.SRP040269	newly molted young adult hermaphrodite Ce			
RNASeq.elegans.WBStrain00000001.WBls:0000063.Hermaphrodite.WBbt:0007833.SRP040269.SRX494549	RNASeq_Study.SRP040269	newly molted young adult hermaphrodite Ce			
RNASeq.elegans.WBStrain00000001.WBls:0000063.Hermaphrodite.WBbt:0007833.SRP043990.SRX643418	RNASeq_Study.SRP043990	newly molted young adult hermaphrodite Ce			
RNASeq.elegans.WBStrain00000001.WBls:0000063.Hermaphrodite.WBbt:0007833.SRP043990.SRX643419	RNASeq_Study.SRP043990	newly molted young adult hermaphrodite Ce			
RNASeq.elegans.WBStrain00000001.WBls:0000063.Hermaphrodite.WBbt:0007833.SRP043990.SRX643420	RNASeq_Study.SRP043990	newly molted young adult hermaphrodite Ce			
RNASeq.elegans.WBStrain00000001.WBls:0000063.Hermaphrodite.WBbt:0007833.SRP043990.SRX643421	RNASeq_Study.SRP043990	newly molted young adult hermaphrodite Ce			
RNASeq.elegans.WBStrain00000001.WBls:0000063.Hermaphrodite.WBbt:0007833.SRP043990.SRX643422	RNASeq_Study.SRP043990	newly molted young adult hermaphrodite Ce			
RNASeq.elegans.WBStrain00000001.WBls:0000063.Hermaphrodite.WBbt:0007833.SRP043990.SRX643423	RNASeq_Study.SRP043990	newly molted young adult hermaphrodite Ce			
RNASeq.elegans.WBStrain00000001.WBls:0000063.Hermaphrodite.WBbt:0007833.SRP043990.SRX643424	RNASeq_Study.SRP043990	newly molted young adult hermaphrodite Ce			
RNASeq.elegans.WBStrain00000001.WBls:0000063.Hermaphrodite.WBbt:0007833.SRP043990.SRX643425	RNASeq_Study.SRP043990	newly molted young adult hermaphrodite Ce			
RNASeq.elegans.WBStrain00000001.WBls:0000063.Hermaphrodite.WBbt:0007833.SRP043990.SRX643426	RNASeq_Study.SRP043990	newly molted young adult hermaphrodite Ce			
RNASeq.elegans.WBStrain00000001.WBls:0000063.Male.WBbt:0007833.SRP034667.SRX397084	RNASeq_Study.SRP034667	newly molted young adult hermaphrodite Ce			
RNASeq.elegans.WBStrain00000001.WBls:0000063.Male.WBbt:0007833.SRP034667.SRX397085	RNASeq_Study.SRP034667	newly molted young adult hermaphrodite Ce			
RNASeq.elegans.WBStrain00000001.WBls:0000063.Male.WBbt:0007833.SRP034667.SRX397086	RNASeq_Study.SRP034667	newly molted young adult hermaphrodite Ce			
RNASeq.elegans.WBStrain00000001.WBls:0000063.Male.WBbt:0007833.SRP034667.SRX397087	RNASeq_Study.SRP034667	newly molted young adult hermaphrodite Ce			
RNASeq.elegans.WBStrain00000001.WBls:0000064.Hermaphrodite.WBbt:0007833.SRP017908.SRX218153	RNASeq_Study.SRP017908	1-day post-L4 adult hermaphrodite Ce			
RNASeq.elegans.WBStrain00000001.WBls:0000064.Hermaphrodite.WBbt:0007833.SRP017908.SRX218190	RNASeq_Study.SRP017908	1-day post-L4 adult hermaphrodite Ce			
RNASeq.elegans.WBStrain00000001.WBls:0000064.Hermaphrodite.WBbt:0007833.SRP021083.SRX265354	RNASeq_Study.SRP021083	1-day post-L4 adult hermaphrodite Ce			
RNASeq.elegans.WBStrain00000001.WBls:0000064.Hermaphrodite.WBbt:0007833.SRP021083.SRX265355	RNASeq_Study.SRP021083	1-day post-L4 adult hermaphrodite Ce			
RNASeq.elegans.WBStrain00000001.WBls:0000064.Hermaphrodite.WBbt:0007833.SRP021083.SRX265356	RNASeq_Study.SRP021083	1-day post-L4 adult hermaphrodite Ce			
RNASeq.elegans.WBStrain00000001.WBls:0000064.Hermaphrodite.WBbt:0007833.SRP021083.SRX265357	RNASeq_Study.SRP021083	1-day post-L4 adult hermaphrodite Ce			
RNASeq.elegans.WBStrain00000001.WBls:0000064.Hermaphrodite.WBbt:0007833.SRP021083.SRX265358	RNASeq_Study.SRP021083	1-day post-L4 adult hermaphrodite Ce			
RNASeq.elegans.WBStrain00000001.WBls:0000064.Hermaphrodite.WBbt:0007833.SRP021083.SRX265359	RNASeq_Study.SRP021083	1-day post-L4 adult hermaphrodite Ce			
RNASeq.elegans.WBStrain00000001.WBls:0000065.Hermaphrodite.WBbt:0007833.SRP021462.SRX270953	RNASeq_Study.SRP021462	2-days post-L4 adult hermaphrodite Ce			
RNASeq.elegans.WBStrain00000001.WBls:0000065.Hermaphrodite.WBbt:0007833.SRP021462.SRX270954	RNASeq_Study.SRP021462	2-days post-L4 adult hermaphrodite Ce			
RNASeq.elegans.WBStrain00000001.WBls:0000065.Hermaphrodite.WBbt:0007833.SRP021462.SRX270955	RNASeq_Study.SRP021462	2-days post-L4 adult hermaphrodite Ce			
RNASeq.elegans.WBStrain00000001.WBls:0000065.Hermaphrodite.WBbt:0007833.SRP021462.SRX270956	RNASeq_Study.SRP021462	2-days post-L4 adult hermaphrodite Ce			
RNASeq.elegans.WBStrain00000001.WBls:0000065.Hermaphrodite.WBbt:0007833.SRP037555.SRX469110	RNASeq_Study.SRP037555	2-days post-L4 adult hermaphrodite Ce			
RNASeq.elegans.WBStrain00000001.WBls:0000065.Hermaphrodite.WBbt:0007833.SRP037555.SRX469111	RNASeq_Study.SRP037555	2-days post-L4 adult hermaphrodite Ce			
RNASeq.elegans.WBStrain00000001.WBls:0000065.Hermaphrodite.WBbt:0007833.SRP037555.SRX469112	RNASeq_Study.SRP037555	2-days post-L4 adult hermaphrodite Ce			
RNASeq.elegans.WBStrain00000001.WBls:0000065.Hermaphrodite.WBbt:0007833.SRP037555.SRX469113	RNASeq_Study.SRP037555	2-days post-L4 adult hermaphrodite Ce			
RNASeq.elegans.WBStrain00000001.WBls:0000065.Hermaphrodite.WBbt:0007833.SRP037555.SRX469114	RNASeq_Study.SRP037555	2-days post-L4 adult hermaphrodite Ce			
RNASeq.elegans.WBStrain00000001.WBls:0000065.Hermaphrodite.WBbt:0007833.SRP037555.SRX469115	RNASeq_Study.SRP037555	2-days post-L4 adult hermaphrodite Ce			
RNASeq.elegans.WBStrain00000001.WBls:0000065.Hermaphrodite.WBbt:0007833.SRP037555.SRX469116	RNASeq_Study.SRP037555	2-days post-L4 adult hermaphrodite Ce			
RNASeq.elegans.WBStrain00000001.WBls:0000065.Hermaphrodite.WBbt:0007833.SRP037555.SRX469117	RNASeq_Study.SRP037555	2-days post-L4 adult hermaphrodite Ce			
RNASeq.elegans.WBStrain00000001.WBls:0000065.Hermaphrodite.WBbt:0007833.SRP037555.SRX469118	RNASeq_Study.SRP037555	2-days post-L4 adult hermaphrodite Ce			
RNASeq.elegans.WBStrain00000001.WBls:0000065.Hermaphrodite.WBbt:0007833.SRP037555.SRX469119	RNASeq_Study.SRP037555	2-days post-L4 adult hermaphrodite Ce			
RNASeq.elegans.WBStrain00000001.WBls:0000065.Hermaphrodite.WBbt:0007833.SRP037555.SRX469120	RNASeq_Study.SRP037555	2-days post-L4 adult hermaphrodite Ce			
RNASeq.elegans.WBStrain00000001.WBls:0000065.Hermaphrodite.WBbt:0007833.SRP037555.SRX469121	RNASeq_Study.SRP037555	2-days post-L4 adult hermaphrodite Ce			
RNASeq.elegans.WBStrain00000001.WBls:0000068.Hermaphrodite.WBbt:0007833.SRP021083.SRX265360	RNASeq_Study.SRP021083	5-days post-L4 adult hermaphrodite Ce			
RNASeq.elegans.WBStrain00000001.WBls:0000068.Hermaphrodite.WBbt:0007833.SRP021083.SRX265361	RNASeq_Study.SRP021083	5-days post-L4 adult hermaphrodite Ce			
RNASeq.elegans.WBStrain00000001.WBls:0000068.Hermaphrodite.WBbt:0007833.SRP021083.SRX265362	RNASeq_Study.SRP021083	5-days post-L4 adult hermaphrodite Ce			
RNASeq.elegans.WBStrain00000001.WBls:0000068.Hermaphrodite.WBbt:0007833.SRP021083.SRX265363	RNASeq_Study.SRP021083	5-days post-L4 adult hermaphrodite Ce			
RNASeq.elegans.WBStrain00000001.WBls:0000068.Hermaphrodite.WBbt:0007833.SRP021083.SRX265364	RNASeq_Study.SRP021083	5-days post-L4 adult hermaphrodite Ce			
RNASeq.elegans.WBStrain00000001.WBls:0000068.Hermaphrodite.WBbt:0007833.SRP021083.SRX265365	RNASeq_Study.SRP021083	5-days post-L4 adult hermaphrodite Ce			
RNASeq.elegans.WBStrain00000001.WBls:0000131.Hermaphrodite.WBbt:0004015.SRP029448.SRX343220	RNASeq_Study.SRP029448	20 min post first-cleavage Ce			
RNASeq.elegans.WBStrain00000001.WBls:0000131.Hermaphrodite.WBbt:0004015.SRP029448.SRX343227	RNASeq_Study.SRP029448	20 min post first-cleavage Ce			
RNASeq.elegans.WBStrain00000001.WBls:0000131.Hermaphrodite.WBbt:0004015.SRP029448.SRX343228	RNASeq_Study.SRP029448	20 min post first-cleavage Ce			
RNASeq.elegans.WBStrain00000001.WBls:0000131.Hermaphrodite.WBbt:0004015.SRP029448.SRX343229	RNASeq_Study.SRP029448	20 min post first-cleavage Ce			
RNASeq.elegans.WBStrain00000001.WBls:0000131.Hermaphrodite.WBbt:0006771.SRP029448.SRX343225	RNASeq_Study.SRP029448	20 min post first-cleavage Ce			
RNASeq.elegans.WBStrain00000001.WBls:0000131.Hermaphrodite.WBbt:0006771.SRP029448.SRX343226	RNASeq_Study.SRP029448	20 min post first-cleavage Ce			
RNASeq.elegans.WBStrain00000001.WBls:0000131.Hermaphrodite.WBbt:0006876.SRP029448.SRX343221	RNASeq_Study.SRP029448	20 min post first-cleavage Ce			
RNASeq.elegans.WBStrain00000001.WBls:0000131.Hermaphrodite.WBbt:0006876.SRP029448.SRX343222	RNASeq_Study.SRP029448	20 min post first-cleavage Ce			
RNASeq.elegans.WBStrain00000001.WBls:0000131.Hermaphrodite.WBbt:0006876.SRP029448.SRX343223	RNASeq_Study.SRP029448	20 min post first-cleavage Ce			
RNASeq.elegans.WBStrain00000001.WBls:0000141.Hermaphrodite.WBbt:0007833.SRP029448.SRX343161	RNASeq_Study.SRP029448	30 min post first-cleavage Ce			
RNASeq.elegans.WBStrain00000001.WBls:0000151.Hermaphrodite.WBbt:0003810.SRP029448.SRX343308	RNASeq_Study.SRP029448	40 min post first-cleavage Ce			
RNASeq.elegans.WBStrain00000001.WBls:0000151.Hermaphrodite.WBbt:0004015.SRP029448.SRX343280	RNASeq_Study.SRP029448	40 min post first-cleavage Ce			
RNASeq.elegans.WBStrain00000001.WBls:0000151.Hermaphrodite.WBbt:0004015.SRP029448.SRX343281	RNASeq_Study.SRP029448	40 min post first-cleavage Ce			
RNASeq.elegans.WBStrain00000001.WBls:0000151.Hermaphrodite.WBbt:0004015.SRP029448.SRX343282	RNASeq_Study.SRP029448	40 min post first-cleavage Ce			
RNASeq.elegans.WBStrain00000001.WBls:0000151.Hermaphrodite.WBbt:0004458.SRP029448.SRX343255	RNASeq_Study.SRP029448	40 min post first-cleavage Ce			
RNASeq.elegans.WBStrain00000001.WBls:0000151.Hermaphrodite.WBbt:0004458.SRP029448.SRX343256	RNASeq_Study.SRP029448	40 min post first-cleavage Ce			
RNASeq.elegans.WBStrain00000001.WBls:0000151.Hermaphrodite.WBbt:0004458.SRP029448.SRX343257	RNASeq_Study.SRP029448	40 min post first-cleavage Ce			
RNASeq.elegans.WBStrain00000001.WBls:0000151.Hermaphrodite.WBbt:0004804.SRP029448.SRX343230	RNASeq_Study.SRP029448	40 min post first-cleavage Ce			
RNASeq.elegans.WBStrain00000001.WBls:0000151.Hermaphrodite.WBbt:0004804.SRP029448.SRX343231	RNASeq_Study.SRP029448	40 min post first-cleavage Ce			
RNASeq.elegans.WBStrain00000001.WBls:0000151.Hermaphrodite.WBbt:0004804.SRP029448.SRX343232	RNASeq_Study.SRP029448	40 min post first-cleavage Ce			
RNASeq.elegans.WBStrain00000001.WBls:0000151.Hermaphrodite.WBbt:0007833.SRP029448.SRX343162	RNASeq_Study.SRP029448	40 min post first-cleavage Ce			
RNASeq.elegans.WBStrain00000001.WBls:0000151.Hermaphrodite.WBbt:0008115.SRP029448.SRX343326	RNASeq_Study.SRP029448	40 min post first-cleavage Ce			
RNASeq.elegans.WBStrain00000001.WBls:0000151.Hermaphrodite.WBbt:0008115.SRP029448.SRX343327	RNASeq_Study.SRP029448	40 min post first-cleavage Ce			
RNASeq.elegans.WBStrain00000001.WBls:0000151.Hermaphrodite.WBbt:0008115.SRP029448.SRX343328	RNASeq_Study.SRP029448	40 min post first-cleavage Ce			
RNASeq.elegans.WBStrain00000001.WBls:0000171.Hermaphrodite.WBbt:0003810.SRP029448.SRX343309	RNASeq_Study.SRP029448	60 min post first-cleavage Ce			
RNASeq.elegans.WBStrain00000001.WBls:0000171.Hermaphrodite.WBbt:0003810.SRP029448.SRX343310	RNASeq_Study.SRP029448	60 min post first-cleavage Ce			
RNASeq.elegans.WBStrain00000001.WBls:0000171.Hermaphrodite.WBbt:0003810.SRP029448.SRX343311	RNASeq_Study.SRP029448	60 min post first-cleavage Ce			
RNASeq.elegans.WBStrain00000001.WBls:0000171.Hermaphrodite.WBbt:0004015.SRP029448.SRX343283	RNASeq_Study.SRP029448	60 min post first-cleavage Ce			
RNASeq.elegans.WBStrain00000001.WBls:0000171.Hermaphrodite.WBbt:0004015.SRP029448.SRX343284	RNASeq_Study.SRP029448	60 min post first-cleavage Ce			
RNASeq.elegans.WBStrain00000001.WBls:0000171.Hermaphrodite.WBbt:0004015.SRP029448.SRX343285	RNASeq_Study.SRP029448	60 min post first-cleavage Ce			
RNASeq.elegans.WBStrain00000001.WBls:0000171.Hermaphrodite.WBbt:0004458.SRP029448.SRX343258	RNASeq_Study.SRP029448	60 min post first-cleavage Ce			
RNASeq.elegans.WBStrain00000001.WBls:0000171.Hermaphrodite.WBbt:0004458.SRP029448.SRX343259	RNASeq_Study.SRP029448	60 min post first-cleavage Ce			
RNASeq.elegans.WBStrain00000001.WBls:0000171.Hermaphrodite.WBbt:0004458.SRP029448.SRX343260	RNASeq_Study.SRP029448	60 min post first-cleavage Ce			
RNASeq.elegans.WBStrain00000001.WBls:0000171.Hermaphrodite.WBbt:0004804.SRP029448.SRX343233	RNASeq_Study.SRP029448	60 min post first-cleavage Ce			
RNASeq.elegans.WBStrain00000001.WBls:0000171.Hermaphrodite.WBbt:0004804.SRP029448.SRX343234	RNASeq_Study.SRP029448	60 min post first-cleavage Ce			
RNASeq.elegans.WBStrain00000001.WBls:0000171.Hermaphrodite.WBbt:0004804.SRP029448.SRX343235	RNASeq_Study.SRP029448	60 min post first-cleavage Ce			
RNASeq.elegans.WBStrain00000001.WBls:0000171.Hermaphrodite.WBbt:0007833.SRP029448.SRX343163	RNASeq_Study.SRP029448	60 min post first-cleavage Ce			
RNASeq.elegans.WBStrain00000001.WBls:0000171.Hermaphrodite.WBbt:0008115.SRP029448.SRX343329	RNASeq_Study.SRP029448	60 min post first-cleavage Ce			
RNASeq.elegans.WBStrain00000001.WBls:0000171.Hermaphrodite.WBbt:0008115.SRP029448.SRX343330	RNASeq_Study.SRP029448	60 min post first-cleavage Ce			
RNASeq.elegans.WBStrain00000001.WBls:0000181.Hermaphrodite.WBbt:0007833.SRP029448.SRX343164	RNASeq_Study.SRP029448	70 min post first-cleavage Ce			
RNASeq.elegans.WBStrain00000001.WBls:0000191.Hermaphrodite.WBbt:0007833.SRP029448.SRX343165	RNASeq_Study.SRP029448	80 min post first-cleavage Ce			
RNASeq.elegans.WBStrain00000001.WBls:0000201.Hermaphrodite.WBbt:0003810.SRP029448.SRX343312	RNASeq_Study.SRP029448	90 min post first-cleavage Ce			
RNASeq.elegans.WBStrain00000001.WBls:0000201.Hermaphrodite.WBbt:0003810.SRP029448.SRX343313	RNASeq_Study.SRP029448	90 min post first-cleavage Ce			
RNASeq.elegans.WBStrain00000001.WBls:0000201.Hermaphrodite.WBbt:0004015.SRP029448.SRX343287	RNASeq_Study.SRP029448	90 min post first-cleavage Ce			
RNASeq.elegans.WBStrain00000001.WBls:0000201.Hermaphrodite.WBbt:0004015.SRP029448.SRX343288	RNASeq_Study.SRP029448	90 min post first-cleavage Ce			
RNASeq.elegans.WBStrain00000001.WBls:0000201.Hermaphrodite.WBbt:0004458.SRP029448.SRX343261	RNASeq_Study.SRP029448	90 min post first-cleavage Ce			
RNASeq.elegans.WBStrain00000001.WBls:0000201.Hermaphrodite.WBbt:0004458.SRP029448.SRX343262	RNASeq_Study.SRP029448	90 min post first-cleavage Ce			
RNASeq.elegans.WBStrain00000001.WBls:0000201.Hermaphrodite.WBbt:0004458.SRP029448.SRX343263	RNASeq_Study.SRP029448	90 min post first-cleavage Ce			
RNASeq.elegans.WBStrain00000001.WBls:0000201.Hermaphrodite.WBbt:0004804.SRP029448.SRX343236	RNASeq_Study.SRP029448	90 min post first-cleavage Ce			
RNASeq.elegans.WBStrain00000001.WBls:0000201.Hermaphrodite.WBbt:0004804.SRP029448.SRX343237	RNASeq_Study.SRP029448	90 min post first-cleavage Ce			
RNASeq.elegans.WBStrain00000001.WBls:0000201.Hermaphrodite.WBbt:0004804.SRP029448.SRX343238	RNASeq_Study.SRP029448	90 min post first-cleavage Ce			
RNASeq.elegans.WBStrain00000001.WBls:0000201.Hermaphrodite.WBbt:0008115.SRP029448.SRX343331	RNASeq_Study.SRP029448	90 min post first-cleavage Ce			
RNASeq.elegans.WBStrain00000001.WBls:0000201.Hermaphrodite.WBbt:0008115.SRP029448.SRX343332	RNASeq_Study.SRP029448	90 min post first-cleavage Ce			
RNASeq.elegans.WBStrain00000001.WBls:0000221.Hermaphrodite.WBbt:0003810.SRP029448.SRX343314	RNASeq_Study.SRP029448	110 min post first-cleavage Ce			
RNASeq.elegans.WBStrain00000001.WBls:0000221.Hermaphrodite.WBbt:0003810.SRP029448.SRX343315	RNASeq_Study.SRP029448	110 min post first-cleavage Ce			
RNASeq.elegans.WBStrain00000001.WBls:0000221.Hermaphrodite.WBbt:0004015.SRP029448.SRX343290	RNASeq_Study.SRP029448	110 min post first-cleavage Ce			
RNASeq.elegans.WBStrain00000001.WBls:0000221.Hermaphrodite.WBbt:0004015.SRP029448.SRX343291	RNASeq_Study.SRP029448	110 min post first-cleavage Ce			
RNASeq.elegans.WBStrain00000001.WBls:0000221.Hermaphrodite.WBbt:0004458.SRP029448.SRX343264	RNASeq_Study.SRP029448	110 min post first-cleavage Ce			
RNASeq.elegans.WBStrain00000001.WBls:0000221.Hermaphrodite.WBbt:0004458.SRP029448.SRX343265	RNASeq_Study.SRP029448	110 min post first-cleavage Ce			
RNASeq.elegans.WBStrain00000001.WBls:0000221.Hermaphrodite.WBbt:0004458.SRP029448.SRX343266	RNASeq_Study.SRP029448	110 min post first-cleavage Ce			
RNASeq.elegans.WBStrain00000001.WBls:0000221.Hermaphrodite.WBbt:0004804.SRP029448.SRX343241	RNASeq_Study.SRP029448	110 min post first-cleavage Ce			
RNASeq.elegans.WBStrain00000001.WBls:0000221.Hermaphrodite.WBbt:0008115.SRP029448.SRX343333	RNASeq_Study.SRP029448	110 min post first-cleavage Ce			
RNASeq.elegans.WBStrain00000001.WBls:0000221.Hermaphrodite.WBbt:0008115.SRP029448.SRX343334	RNASeq_Study.SRP029448	110 min post first-cleavage Ce			
RNASeq.elegans.WBStrain00000001.WBls:0000231.Hermaphrodite.WBbt:0007833.SRP029448.SRX343167	RNASeq_Study.SRP029448	120 min post first-cleavage Ce			
RNASeq.elegans.WBStrain00000001.WBls:0000251.Hermaphrodite.WBbt:0003810.SRP029448.SRX343317	RNASeq_Study.SRP029448	140 min post first-cleavage Ce			
RNASeq.elegans.WBStrain00000001.WBls:0000251.Hermaphrodite.WBbt:0004015.SRP029448.SRX343292	RNASeq_Study.SRP029448	140 min post first-cleavage Ce			
RNASeq.elegans.WBStrain00000001.WBls:0000251.Hermaphrodite.WBbt:0004458.SRP029448.SRX343268	RNASeq_Study.SRP029448	140 min post first-cleavage Ce			
RNASeq.elegans.WBStrain00000001.WBls:0000251.Hermaphrodite.WBbt:0004804.SRP029448.SRX343242	RNASeq_Study.SRP029448	140 min post first-cleavage Ce			
RNASeq.elegans.WBStrain00000001.WBls:0000251.Hermaphrodite.WBbt:0004804.SRP029448.SRX343243	RNASeq_Study.SRP029448	140 min post first-cleavage Ce			
RNASeq.elegans.WBStrain00000001.WBls:0000251.Hermaphrodite.WBbt:0004804.SRP029448.SRX343244	RNASeq_Study.SRP029448	140 min post first-cleavage Ce			
RNASeq.elegans.WBStrain00000001.WBls:0000251.Hermaphrodite.WBbt:0007833.SRP029448.SRX343168	RNASeq_Study.SRP029448	140 min post first-cleavage Ce			
RNASeq.elegans.WBStrain00000001.WBls:0000251.Hermaphrodite.WBbt:0008115.SRP029448.SRX343335	RNASeq_Study.SRP029448	140 min post first-cleavage Ce			
RNASeq.elegans.WBStrain00000001.WBls:0000251.Hermaphrodite.WBbt:0008115.SRP029448.SRX343336	RNASeq_Study.SRP029448	140 min post first-cleavage Ce			
RNASeq.elegans.WBStrain00000001.WBls:0000251.Hermaphrodite.WBbt:0008115.SRP029448.SRX343337	RNASeq_Study.SRP029448	140 min post first-cleavage Ce			
RNASeq.elegans.WBStrain00000001.WBls:0000261.Hermaphrodite.WBbt:0007833.SRP029448.SRX343169	RNASeq_Study.SRP029448	150 min post first-cleavage Ce			
RNASeq.elegans.WBStrain00000001.WBls:0000281.Hermaphrodite.WBbt:0007833.SRP029448.SRX343170	RNASeq_Study.SRP029448	170 min post first-cleavage Ce			
RNASeq.elegans.WBStrain00000001.WBls:0000291.Hermaphrodite.WBbt:0003810.SRP029448.SRX343318	RNASeq_Study.SRP029448	180 min post first-cleavage Ce			
RNASeq.elegans.WBStrain00000001.WBls:0000291.Hermaphrodite.WBbt:0003810.SRP029448.SRX343319	RNASeq_Study.SRP029448	180 min post first-cleavage Ce			
RNASeq.elegans.WBStrain00000001.WBls:0000291.Hermaphrodite.WBbt:0004015.SRP029448.SRX343294	RNASeq_Study.SRP029448	180 min post first-cleavage Ce			
RNASeq.elegans.WBStrain00000001.WBls:0000291.Hermaphrodite.WBbt:0004015.SRP029448.SRX343295	RNASeq_Study.SRP029448	180 min post first-cleavage Ce			
RNASeq.elegans.WBStrain00000001.WBls:0000291.Hermaphrodite.WBbt:0004015.SRP029448.SRX343296	RNASeq_Study.SRP029448	180 min post first-cleavage Ce			
RNASeq.elegans.WBStrain00000001.WBls:0000291.Hermaphrodite.WBbt:0004458.SRP029448.SRX343271	RNASeq_Study.SRP029448	180 min post first-cleavage Ce			
RNASeq.elegans.WBStrain00000001.WBls:0000291.Hermaphrodite.WBbt:0004458.SRP029448.SRX343272	RNASeq_Study.SRP029448	180 min post first-cleavage Ce			
RNASeq.elegans.WBStrain00000001.WBls:0000291.Hermaphrodite.WBbt:0004804.SRP029448.SRX343245	RNASeq_Study.SRP029448	180 min post first-cleavage Ce			
RNASeq.elegans.WBStrain00000001.WBls:0000291.Hermaphrodite.WBbt:0004804.SRP029448.SRX343246	RNASeq_Study.SRP029448	180 min post first-cleavage Ce			
RNASeq.elegans.WBStrain00000001.WBls:0000291.Hermaphrodite.WBbt:0004804.SRP029448.SRX343247	RNASeq_Study.SRP029448	180 min post first-cleavage Ce			
RNASeq.elegans.WBStrain00000001.WBls:0000291.Hermaphrodite.WBbt:0007833.SRP029448.SRX343171	RNASeq_Study.SRP029448	180 min post first-cleavage Ce			
RNASeq.elegans.WBStrain00000001.WBls:0000291.Hermaphrodite.WBbt:0008115.SRP029448.SRX343338	RNASeq_Study.SRP029448	180 min post first-cleavage Ce			
RNASeq.elegans.WBStrain00000001.WBls:0000291.Hermaphrodite.WBbt:0008115.SRP029448.SRX343339	RNASeq_Study.SRP029448	180 min post first-cleavage Ce			
RNASeq.elegans.WBStrain00000001.WBls:0000301.Hermaphrodite.WBbt:0007833.SRP029448.SRX343172	RNASeq_Study.SRP029448	190 min post first-cleavage Ce			
RNASeq.elegans.WBStrain00000001.WBls:0000311.Hermaphrodite.WBbt:0007833.SRP029448.SRX343173	RNASeq_Study.SRP029448	200 min post first-cleavage Ce			
RNASeq.elegans.WBStrain00000001.WBls:0000321.Hermaphrodite.WBbt:0007833.SRP029448.SRX343174	RNASeq_Study.SRP029448	210 min post first-cleavage Ce			
RNASeq.elegans.WBStrain00000001.WBls:0000331.Hermaphrodite.WBbt:0007833.SRP029448.SRX343175	RNASeq_Study.SRP029448	220 min post first-cleavage Ce			
RNASeq.elegans.WBStrain00000001.WBls:0000331.Hermaphrodite.WBbt:0007833.SRP029448.SRX343176	RNASeq_Study.SRP029448	220 min post first-cleavage Ce			
RNASeq.elegans.WBStrain00000001.WBls:0000351.Hermaphrodite.WBbt:0007833.SRP029448.SRX343178	RNASeq_Study.SRP029448	240 min post first-cleavage Ce			
RNASeq.elegans.WBStrain00000001.WBls:0000351.Hermaphrodite.WBbt:0007833.SRP029448.SRX343179	RNASeq_Study.SRP029448	240 min post first-cleavage Ce			
RNASeq.elegans.WBStrain00000001.WBls:0000361.Hermaphrodite.WBbt:0007833.SRP029448.SRX343180	RNASeq_Study.SRP029448	250 min post first-cleavage Ce			
RNASeq.elegans.WBStrain00000001.WBls:0000381.Hermaphrodite.WBbt:0003810.SRP029448.SRX343320	RNASeq_Study.SRP029448	270 min post first-cleavage Ce			
RNASeq.elegans.WBStrain00000001.WBls:0000381.Hermaphrodite.WBbt:0004015.SRP029448.SRX343297	RNASeq_Study.SRP029448	270 min post first-cleavage Ce			
RNASeq.elegans.WBStrain00000001.WBls:0000381.Hermaphrodite.WBbt:0004015.SRP029448.SRX343299	RNASeq_Study.SRP029448	270 min post first-cleavage Ce			
RNASeq.elegans.WBStrain00000001.WBls:0000381.Hermaphrodite.WBbt:0004458.SRP029448.SRX343274	RNASeq_Study.SRP029448	270 min post first-cleavage Ce			
RNASeq.elegans.WBStrain00000001.WBls:0000381.Hermaphrodite.WBbt:0004458.SRP029448.SRX343275	RNASeq_Study.SRP029448	270 min post first-cleavage Ce			
RNASeq.elegans.WBStrain00000001.WBls:0000381.Hermaphrodite.WBbt:0004804.SRP029448.SRX343248	RNASeq_Study.SRP029448	270 min post first-cleavage Ce			
RNASeq.elegans.WBStrain00000001.WBls:0000381.Hermaphrodite.WBbt:0004804.SRP029448.SRX343249	RNASeq_Study.SRP029448	270 min post first-cleavage Ce			
RNASeq.elegans.WBStrain00000001.WBls:0000381.Hermaphrodite.WBbt:0004804.SRP029448.SRX343250	RNASeq_Study.SRP029448	270 min post first-cleavage Ce			
RNASeq.elegans.WBStrain00000001.WBls:0000381.Hermaphrodite.WBbt:0008115.SRP029448.SRX343340	RNASeq_Study.SRP029448	270 min post first-cleavage Ce			
RNASeq.elegans.WBStrain00000001.WBls:0000391.Hermaphrodite.WBbt:0007833.SRP029448.SRX343181	RNASeq_Study.SRP029448	280 min post first-cleavage Ce			
RNASeq.elegans.WBStrain00000001.WBls:0000401.Hermaphrodite.WBbt:0007833.SRP029448.SRX343182	RNASeq_Study.SRP029448	290 min post first-cleavage Ce			
RNASeq.elegans.WBStrain00000001.WBls:0000421.Hermaphrodite.WBbt:0007833.SRP029448.SRX343184	RNASeq_Study.SRP029448	310 min post first-cleavage Ce			
RNASeq.elegans.WBStrain00000001.WBls:0000431.Hermaphrodite.WBbt:0007833.SRP029448.SRX343185	RNASeq_Study.SRP029448	320 min post first-cleavage Ce			
RNASeq.elegans.WBStrain00000001.WBls:0000451.Hermaphrodite.WBbt:0007833.SRP029448.SRX343186	RNASeq_Study.SRP029448	340 min post first-cleavage Ce			
RNASeq.elegans.WBStrain00000001.WBls:0000461.Hermaphrodite.WBbt:0007833.SRP029448.SRX343187	RNASeq_Study.SRP029448	350 min post first-cleavage Ce			
RNASeq.elegans.WBStrain00000001.WBls:0000471.Hermaphrodite.WBbt:0004015.SRP029448.SRX343300	RNASeq_Study.SRP029448	360 min post first-cleavage Ce			
RNASeq.elegans.WBStrain00000001.WBls:0000471.Hermaphrodite.WBbt:0004015.SRP029448.SRX343301	RNASeq_Study.SRP029448	360 min post first-cleavage Ce			
RNASeq.elegans.WBStrain00000001.WBls:0000471.Hermaphrodite.WBbt:0004015.SRP029448.SRX343302	RNASeq_Study.SRP029448	360 min post first-cleavage Ce			
RNASeq.elegans.WBStrain00000001.WBls:0000471.Hermaphrodite.WBbt:0004458.SRP029448.SRX343276	RNASeq_Study.SRP029448	360 min post first-cleavage Ce			
RNASeq.elegans.WBStrain00000001.WBls:0000471.Hermaphrodite.WBbt:0004804.SRP029448.SRX343251	RNASeq_Study.SRP029448	360 min post first-cleavage Ce			
RNASeq.elegans.WBStrain00000001.WBls:0000471.Hermaphrodite.WBbt:0007833.SRP029448.SRX343189	RNASeq_Study.SRP029448	360 min post first-cleavage Ce			
RNASeq.elegans.WBStrain00000001.WBls:0000471.Hermaphrodite.WBbt:0008115.SRP029448.SRX343341	RNASeq_Study.SRP029448	360 min post first-cleavage Ce			
RNASeq.elegans.WBStrain00000001.WBls:0000491.Hermaphrodite.WBbt:0007833.SRP029448.SRX343191	RNASeq_Study.SRP029448	380 min post first-cleavage Ce			
RNASeq.elegans.WBStrain00000001.WBls:0000501.Hermaphrodite.WBbt:0007833.SRP029448.SRX343192	RNASeq_Study.SRP029448	390 min post first-cleavage Ce			
RNASeq.elegans.WBStrain00000001.WBls:0000511.Hermaphrodite.WBbt:0007833.SRP029448.SRX343194	RNASeq_Study.SRP029448	400 min post first-cleavage Ce			
RNASeq.elegans.WBStrain00000001.WBls:0000521.Hermaphrodite.WBbt:0007833.SRP029448.SRX343195	RNASeq_Study.SRP029448	410 min post first-cleavage Ce			
RNASeq.elegans.WBStrain00000001.WBls:0000531.Hermaphrodite.WBbt:0007833.SRP029448.SRX343196	RNASeq_Study.SRP029448	420 min post first-cleavage Ce			
RNASeq.elegans.WBStrain00000001.WBls:0000531.Hermaphrodite.WBbt:0007833.SRP029448.SRX343197	RNASeq_Study.SRP029448	420 min post first-cleavage Ce			
RNASeq.elegans.WBStrain00000001.WBls:0000541.Hermaphrodite.WBbt:0007833.SRP029448.SRX343198	RNASeq_Study.SRP029448	430 min post first-cleavage Ce			
RNASeq.elegans.WBStrain00000001.WBls:0000541.Hermaphrodite.WBbt:0007833.SRP029448.SRX343199	RNASeq_Study.SRP029448	430 min post first-cleavage Ce			
RNASeq.elegans.WBStrain00000001.WBls:0000551.Hermaphrodite.WBbt:0007833.SRP029448.SRX343200	RNASeq_Study.SRP029448	440 min post first-cleavage Ce			
RNASeq.elegans.WBStrain00000001.WBls:0000561.Hermaphrodite.WBbt:0007833.SRP029448.SRX343201	RNASeq_Study.SRP029448	450 min post first-cleavage Ce			
RNASeq.elegans.WBStrain00000001.WBls:0000581.Hermaphrodite.WBbt:0007833.SRP029448.SRX343202	RNASeq_Study.SRP029448	470 min post first-cleavage Ce			
RNASeq.elegans.WBStrain00000001.WBls:0000621.Hermaphrodite.WBbt:0007833.SRP029448.SRX343203	RNASeq_Study.SRP029448	510 min post first-cleavage Ce			
RNASeq.elegans.WBStrain00000001.WBls:0000674.Hermaphrodite.WBbt:0007833.SRP021083.SRX265366	RNASeq_Study.SRP021083	10-days post-L4 adult hermaphrodite Ce			
RNASeq.elegans.WBStrain00000001.WBls:0000674.Hermaphrodite.WBbt:0007833.SRP021083.SRX265367	RNASeq_Study.SRP021083	10-days post-L4 adult hermaphrodite Ce			
RNASeq.elegans.WBStrain00000001.WBls:0000674.Hermaphrodite.WBbt:0007833.SRP021083.SRX265368	RNASeq_Study.SRP021083	10-days post-L4 adult hermaphrodite Ce			
RNASeq.elegans.WBStrain00000001.WBls:0000674.Hermaphrodite.WBbt:0007833.SRP021083.SRX265369	RNASeq_Study.SRP021083	10-days post-L4 adult hermaphrodite Ce			
RNASeq.elegans.WBStrain00000001.WBls:0000674.Hermaphrodite.WBbt:0007833.SRP021083.SRX265370	RNASeq_Study.SRP021083	10-days post-L4 adult hermaphrodite Ce			
RNASeq.elegans.WBStrain00000001.WBls:0000674.Hermaphrodite.WBbt:0007833.SRP021083.SRX265371	RNASeq_Study.SRP021083	10-days post-L4 adult hermaphrodite Ce			
RNASeq.elegans.WBStrain00000001.WBls:0000676.Hermaphrodite.WBbt:0007833.SRP021083.SRX265372	RNASeq_Study.SRP021083	20-days post-L4 adult hermaphrodite Ce			
RNASeq.elegans.WBStrain00000001.WBls:0000676.Hermaphrodite.WBbt:0007833.SRP021083.SRX265373	RNASeq_Study.SRP021083	20-days post-L4 adult hermaphrodite Ce			
RNASeq.elegans.WBStrain00000001.WBls:0000676.Hermaphrodite.WBbt:0007833.SRP021083.SRX265374	RNASeq_Study.SRP021083	20-days post-L4 adult hermaphrodite Ce			
RNASeq.elegans.WBStrain00000001.WBls:0000676.Hermaphrodite.WBbt:0007833.SRP021083.SRX265375	RNASeq_Study.SRP021083	20-days post-L4 adult hermaphrodite Ce			
RNASeq.elegans.WBStrain00000001.WBls:0000694.Hermaphrodite.WBbt:0007833.SRP029448.SRX343205	RNASeq_Study.SRP029448	570 min post first-cleavage Ce			
RNASeq.elegans.WBStrain00000001.WBls:0000695.Hermaphrodite.WBbt:0007833.SRP029448.SRX343206	RNASeq_Study.SRP029448	640 min post first-cleavage Ce			
RNASeq.elegans.WBStrain00000001.WBls:0000696.Hermaphrodite.WBbt:0007833.SRP029448.SRX343207	RNASeq_Study.SRP029448	650 min post first-cleavage Ce			
RNASeq.elegans.WBStrain00000001.WBls:0000697.Hermaphrodite.WBbt:0007833.SRP029448.SRX343208	RNASeq_Study.SRP029448	660 min post first-cleavage Ce			
RNASeq.elegans.WBStrain00000001.WBls:0000699.Hermaphrodite.WBbt:0007833.SRP029448.SRX343210	RNASeq_Study.SRP029448	770 min post first-cleavage Ce			
RNASeq.elegans.WBStrain00000001.WBls:0000700.Hermaphrodite.WBbt:0007833.SRP029448.SRX343211	RNASeq_Study.SRP029448	780 min post first-cleavage Ce			
RNASeq.elegans.WBStrain00000001.WBls:0000701.Hermaphrodite.WBbt:0007833.SRP029448.SRX343212	RNASeq_Study.SRP029448	820 min post first-cleavage Ce			
RNASeq.elegans.WBStrain00000001.WBls:0000702.Hermaphrodite.WBbt:0007833.SRP029448.SRX343213	RNASeq_Study.SRP029448	830 min post first-cleavage Ce			
RNASeq.elegans.WBStrain00000001.WBls:0000703.Hermaphrodite.WBbt:0007833.SRP029448.SRX343214	RNASeq_Study.SRP029448	850 min post first-cleavage Ce			
RNASeq.elegans.WBStrain00000029.WBls:0000063.Hermaphrodite.WBbt:0007833.SRP040269.SRX494550	RNASeq_Study.SRP040269	newly molted young adult hermaphrodite Ce			
RNASeq.elegans.WBStrain00000029.WBls:0000063.Hermaphrodite.WBbt:0007833.SRP040269.SRX494551	RNASeq_Study.SRP040269	newly molted young adult hermaphrodite Ce			
RNASeq.elegans.WBStrain00000029.WBls:0000063.Hermaphrodite.WBbt:0007833.SRP040269.SRX494552	RNASeq_Study.SRP040269	newly molted young adult hermaphrodite Ce			
RNASeq.elegans.WBStrain00000030.WBls:0000063.Hermaphrodite.WBbt:0007833.SRP040269.SRX494556	RNASeq_Study.SRP040269	newly molted young adult hermaphrodite Ce			
RNASeq.elegans.WBStrain00000030.WBls:0000063.Hermaphrodite.WBbt:0007833.SRP040269.SRX494557	RNASeq_Study.SRP040269	newly molted young adult hermaphrodite Ce			
RNASeq.elegans.WBStrain00000030.WBls:0000063.Hermaphrodite.WBbt:0007833.SRP040269.SRX494558	RNASeq_Study.SRP040269	newly molted young adult hermaphrodite Ce			
RNASeq.elegans.WBStrain00000031.WBls:0000063.Hermaphrodite.WBbt:0007833.SRP040269.SRX494553	RNASeq_Study.SRP040269	newly molted young adult hermaphrodite Ce			
RNASeq.elegans.WBStrain00000031.WBls:0000063.Hermaphrodite.WBbt:0007833.SRP040269.SRX494554	RNASeq_Study.SRP040269	newly molted young adult hermaphrodite Ce			
RNASeq.elegans.WBStrain00000031.WBls:0000063.Hermaphrodite.WBbt:0007833.SRP040269.SRX494555	RNASeq_Study.SRP040269	newly molted young adult hermaphrodite Ce			
RNASeq.elegans.WBStrain00000364.WBls:0000063.Hermaphrodite.WBbt:0007833.SRP003783.SRX028193	RNASeq_Study.SRP003783	newly molted young adult hermaphrodite Ce			
RNASeq.elegans.WBStrain00000377.WBls:0000041.Hermaphrodite.WBbt:0007833.SRP000401.SRX008136	RNASeq_Study.SRP000401	adult Ce			
RNASeq.elegans.WBStrain00000437.WBls:0000002.Hermaphrodite.WBbt:0007833.SRP031831.SRX366862	RNASeq_Study.SRP031831	all stages Ce			
RNASeq.elegans.WBStrain00000438.WBls:0000002.Hermaphrodite.WBbt:0007833.SRP031831.SRX366863	RNASeq_Study.SRP031831	all stages Ce			
RNASeq.elegans.WBStrain00000439.WBls:0000002.Hermaphrodite.WBbt:0007833.SRP031831.SRX366861	RNASeq_Study.SRP031831	all stages Ce			
RNASeq.elegans.WBStrain00000439.WBls:0000002.Hermaphrodite.WBbt:0007833.SRP031831.SRX366865	RNASeq_Study.SRP031831	all stages Ce			
RNASeq.elegans.WBStrain00000439.WBls:0000002.Hermaphrodite.WBbt:0007833.SRP031831.SRX366866	RNASeq_Study.SRP031831	all stages Ce			
RNASeq.elegans.WBStrain00000439.WBls:0000002.Hermaphrodite.WBbt:0007833.SRP031831.SRX366867	RNASeq_Study.SRP031831	all stages Ce			
RNASeq.elegans.WBStrain00000439.WBls:0000002.Hermaphrodite.WBbt:0007833.SRP031831.SRX366868	RNASeq_Study.SRP031831	all stages Ce			
RNASeq.elegans.WBStrain00003834.WBls:0000002.Hermaphrodite.WBbt:0007833.SRP018867.SRX245826	RNASeq_Study.SRP018867	all stages Ce			
RNASeq.elegans.WBStrain00003834.WBls:0000002.Hermaphrodite.WBbt:0007833.SRP018867.SRX245827	RNASeq_Study.SRP018867	all stages Ce			
RNASeq.elegans.WBStrain00003834.WBls:0000002.Hermaphrodite.WBbt:0007833.SRP018867.SRX245828	RNASeq_Study.SRP018867	all stages Ce			
RNASeq.elegans.WBStrain00003834.WBls:0000002.Hermaphrodite.WBbt:0007833.SRP018867.SRX245829	RNASeq_Study.SRP018867	all stages Ce			
RNASeq.elegans.WBStrain00003835.WBls:0000002.Hermaphrodite.WBbt:0007833.SRP018867.SRX245824	RNASeq_Study.SRP018867	all stages Ce			
RNASeq.elegans.WBStrain00003835.WBls:0000002.Hermaphrodite.WBbt:0007833.SRP018867.SRX245825	RNASeq_Study.SRP018867	all stages Ce			
RNASeq.elegans.WBStrain00004030.WBls:0000004.Hermaphrodite.WBbt:0006746.SRP000401.SRX1037996	RNASeq_Study.SRP000401	proliferating embryo Ce			
RNASeq.elegans.WBStrain00004309.WBls:0000015.Hermaphrodite.WBbt:0007833.SRP000401.SRX100003	RNASeq_Study.SRP000401	elongating embryo Ce			
RNASeq.elegans.WBStrain00004309.WBls:0000031.Hermaphrodite.WBbt:0007833.SRP000401.SRX008139	RNASeq_Study.SRP000401	L2d-dauer molt Ce			
RNASeq.elegans.WBStrain00004309.WBls:0000031.Hermaphrodite.WBbt:0007833.SRP000401.SRX047470	RNASeq_Study.SRP000401	L2d-dauer molt Ce			
RNASeq.elegans.WBStrain00004309.WBls:0000031.Hermaphrodite.WBbt:0007833.SRP000401.SRX103273	RNASeq_Study.SRP000401	L2d-dauer molt Ce			
RNASeq.elegans.WBStrain00004309.WBls:0000031.Hermaphrodite.WBbt:0007833.SRP000401.SRX103274	RNASeq_Study.SRP000401	L2d-dauer molt Ce			
RNASeq.elegans.WBStrain00004309.WBls:0000031.Hermaphrodite.WBbt:0007833.SRP000401.SRX103275	RNASeq_Study.SRP000401	L2d-dauer molt Ce			
RNASeq.elegans.WBStrain00004309.WBls:0000031.Hermaphrodite.WBbt:0007833.SRP000401.SRX103276	RNASeq_Study.SRP000401	L2d-dauer molt Ce			
RNASeq.elegans.WBStrain00004309.WBls:0000031.Hermaphrodite.WBbt:0007833.SRP000401.SRX103277	RNASeq_Study.SRP000401	L2d-dauer molt Ce			
RNASeq.elegans.WBStrain00004309.WBls:0000032.Hermaphrodite.WBbt:0007833.SRP000401.SRX008138	RNASeq_Study.SRP000401	dauer larva Ce			
RNASeq.elegans.WBStrain00004309.WBls:0000032.Hermaphrodite.WBbt:0007833.SRP000401.SRX103983	RNASeq_Study.SRP000401	dauer larva Ce			
RNASeq.elegans.WBStrain00004309.WBls:0000032.Hermaphrodite.WBbt:0007833.SRP000401.SRX103984	RNASeq_Study.SRP000401	dauer larva Ce			
RNASeq.elegans.WBStrain00004309.WBls:0000032.Hermaphrodite.WBbt:0007833.SRP000401.SRX103985	RNASeq_Study.SRP000401	dauer larva Ce			
RNASeq.elegans.WBStrain00004309.WBls:0000052.Hermaphrodite.WBbt:0007833.SRP000401.SRX008140	RNASeq_Study.SRP000401	post dauer L3 stage Ce			
RNASeq.elegans.WBStrain00004309.WBls:0000052.Hermaphrodite.WBbt:0007833.SRP000401.SRX037199	RNASeq_Study.SRP000401	post dauer L3 stage Ce			
RNASeq.elegans.WBStrain00004309.WBls:0000052.Hermaphrodite.WBbt:0007833.SRP000401.SRX103269	RNASeq_Study.SRP000401	post dauer L3 stage Ce			
RNASeq.elegans.WBStrain00004309.WBls:0000052.Hermaphrodite.WBbt:0007833.SRP000401.SRX103270	RNASeq_Study.SRP000401	post dauer L3 stage Ce			
RNASeq.elegans.WBStrain00004309.WBls:0000052.Hermaphrodite.WBbt:0007833.SRP000401.SRX103271	RNASeq_Study.SRP000401	post dauer L3 stage Ce			
RNASeq.elegans.WBStrain00004309.WBls:0000052.Hermaphrodite.WBbt:0007833.SRP000401.SRX103272	RNASeq_Study.SRP000401	post dauer L3 stage Ce			
RNASeq.elegans.WBStrain00004309.WBls:0000052.Hermaphrodite.WBbt:0007833.SRP000401.SRX103278	RNASeq_Study.SRP000401	post dauer L3 stage Ce			
RNASeq.elegans.WBStrain00004309.WBls:0000052.Hermaphrodite.WBbt:0007833.SRP000401.SRX103279	RNASeq_Study.SRP000401	post dauer L3 stage Ce			
RNASeq.elegans.WBStrain00004309.WBls:0000052.Hermaphrodite.WBbt:0007833.SRP000401.SRX103280	RNASeq_Study.SRP000401	post dauer L3 stage Ce			
RNASeq.elegans.WBStrain00004309.WBls:0000052.Hermaphrodite.WBbt:0007833.SRP000401.SRX103281	RNASeq_Study.SRP000401	post dauer L3 stage Ce			
RNASeq.elegans.WBStrain00004309.WBls:0000064.Hermaphrodite.WBbt:0007833.SRP017908.SRX216722	RNASeq_Study.SRP017908	1-day post-L4 adult hermaphrodite Ce			
RNASeq.elegans.WBStrain00004309.WBls:0000064.Hermaphrodite.WBbt:0007833.SRP017908.SRX216723	RNASeq_Study.SRP017908	1-day post-L4 adult hermaphrodite Ce			
RNASeq.elegans.WBStrain00004346.WBls:0000003.Male.WBbt:0007833.SRP000401.SRX011569	RNASeq_Study.SRP000401	embryo Ce			
RNASeq.elegans.WBStrain00004346.WBls:0000003.Male.WBbt:0007833.SRP000401.SRX037198	RNASeq_Study.SRP000401	embryo Ce			
RNASeq.elegans.WBStrain00004538.WBls:0000002.Hermaphrodite.WBbt:0006798.SRP041461.SRX527951	RNASeq_Study.SRP041461	all stages Ce			
RNASeq.elegans.WBStrain00004538.WBls:0000002.Hermaphrodite.WBbt:0006798.SRP041461.SRX527952	RNASeq_Study.SRP041461	all stages Ce			
RNASeq.elegans.WBStrain00004538.WBls:0000002.Hermaphrodite.WBbt:0006798.SRP041461.SRX527953	RNASeq_Study.SRP041461	all stages Ce			
RNASeq.elegans.WBStrain00004538.WBls:0000002.Hermaphrodite.WBbt:0006798.SRP041461.SRX527954	RNASeq_Study.SRP041461	all stages Ce			
RNASeq.elegans.WBStrain00004538.WBls:0000002.Hermaphrodite.WBbt:0006798.SRP041461.SRX527955	RNASeq_Study.SRP041461	all stages Ce			
RNASeq.elegans.WBStrain00004538.WBls:0000002.Hermaphrodite.WBbt:0006798.SRP041461.SRX527956	RNASeq_Study.SRP041461	all stages Ce			
RNASeq.elegans.WBStrain00004538.WBls:0000002.Hermaphrodite.WBbt:0006798.SRP041461.SRX527957	RNASeq_Study.SRP041461	all stages Ce			
RNASeq.elegans.WBStrain00004538.WBls:0000002.Hermaphrodite.WBbt:0006798.SRP041461.SRX527958	RNASeq_Study.SRP041461	all stages Ce			
RNASeq.elegans.WBStrain00004578.WBls:0000038.Male.WBbt:0007833.SRP000401.SRX004868	RNASeq_Study.SRP000401	L4 larva Ce			
RNASeq.elegans.WBStrain00005555.WBls:0000002.Hermaphrodite.WBbt:0003903.SRP074511.SRX1746473	RNASeq_Study.SRP074511	all stages Ce			
RNASeq.elegans.WBStrain00005557.WBls:0000002.Hermaphrodite.WBbt:0005662.SRP074511.SRX1746483	RNASeq_Study.SRP074511	all stages Ce			
RNASeq.elegans.WBStrain00006127.WBls:0000021.Hermaphrodite.WBbt:0005733.SRP000401.SRX1037998	RNASeq_Study.SRP000401	fully-elongated embryo Ce			
RNASeq.elegans.WBStrain00006127.WBls:0000021.Hermaphrodite.WBbt:0005733.SRP000401.SRX1038000	RNASeq_Study.SRP000401	fully-elongated embryo Ce			
RNASeq.elegans.WBStrain00006127.WBls:0000021.Hermaphrodite.WBbt:0005733.SRP000401.SRX1038001	RNASeq_Study.SRP000401	fully-elongated embryo Ce			
RNASeq.elegans.WBStrain00006269.WBls:0000041.Male.WBbt:0006798.SRP014581.SRX170940	RNASeq_Study.SRP014581	adult Ce			
RNASeq.elegans.WBStrain00006450.WBls:0000003.Hermaphrodite.WBbt:0008378.SRP000401.SRX151598	RNASeq_Study.SRP000401	embryo Ce			
RNASeq.elegans.WBStrain00006450.WBls:0000003.Hermaphrodite.WBbt:0008378.SRP000401.SRX190363	RNASeq_Study.SRP000401	embryo Ce			
RNASeq.elegans.WBStrain00006736.WBls:0000038.Hermaphrodite.WBbt:0007833.SRP047464.SRX709651	RNASeq_Study.SRP047464	L4 larva Ce			
RNASeq.elegans.WBStrain00006736.WBls:0000038.Hermaphrodite.WBbt:0007833.SRP047464.SRX709652	RNASeq_Study.SRP047464	L4 larva Ce			
RNASeq.elegans.WBStrain00007725.WBls:0000004.Hermaphrodite.WBbt:0003670.SRP000401.SRX1041666	RNASeq_Study.SRP000401	proliferating embryo Ce			
RNASeq.elegans.WBStrain00007897.WBls:0000064.Hermaphrodite.WBbt:0007833.SRP017908.SRX216724	RNASeq_Study.SRP017908	1-day post-L4 adult hermaphrodite Ce			
RNASeq.elegans.WBStrain00007897.WBls:0000064.Hermaphrodite.WBbt:0007833.SRP017908.SRX216725	RNASeq_Study.SRP017908	1-day post-L4 adult hermaphrodite Ce			
RNASeq.elegans.WBStrain00007952.WBls:0000064.Hermaphrodite.WBbt:0007833.SRP017908.SRX216726	RNASeq_Study.SRP017908	1-day post-L4 adult hermaphrodite Ce			
RNASeq.elegans.WBStrain00007952.WBls:0000064.Hermaphrodite.WBbt:0007833.SRP017908.SRX216727	RNASeq_Study.SRP017908	1-day post-L4 adult hermaphrodite Ce			
RNASeq.elegans.WBStrain00012787.WBls:0000002.Hermaphrodite.WBbt:0007833.SRP011038.SRX121892	RNASeq_Study.SRP011038	all stages Ce			
RNASeq.elegans.WBStrain00012787.WBls:0000002.Hermaphrodite.WBbt:0007833.SRP011038.SRX121894	RNASeq_Study.SRP011038	all stages Ce			
RNASeq.elegans.WBStrain00012787.WBls:0000002.Hermaphrodite.WBbt:0007833.SRP011038.SRX121896	RNASeq_Study.SRP011038	all stages Ce			
RNASeq.elegans.WBStrain00022523.WBls:0000002.Hermaphrodite.WBbt:0007833.SRP003783.SRX028192	RNASeq_Study.SRP003783	all stages Ce			
RNASeq.elegans.WBStrain00022538.WBls:0000038.Hermaphrodite.WBbt:0007833.SRP000401.SRX014010	RNASeq_Study.SRP000401	L4 larva Ce			
RNASeq.elegans.WBStrain00022538.WBls:0000038.Hermaphrodite.WBbt:0007833.SRP000401.SRX037200	RNASeq_Study.SRP000401	L4 larva Ce			
RNASeq.elegans.WBStrain00022571.WBls:0000002.Hermaphrodite.WBbt:0006797.SRP041461.SRX527959	RNASeq_Study.SRP041461	all stages Ce			
RNASeq.elegans.WBStrain00022571.WBls:0000002.Hermaphrodite.WBbt:0006797.SRP041461.SRX527960	RNASeq_Study.SRP041461	all stages Ce			
RNASeq.elegans.WBStrain00022571.WBls:0000002.Hermaphrodite.WBbt:0006797.SRP041461.SRX527961	RNASeq_Study.SRP041461	all stages Ce			
RNASeq.elegans.WBStrain00022571.WBls:0000002.Hermaphrodite.WBbt:0006797.SRP041461.SRX527962	RNASeq_Study.SRP041461	all stages Ce			
RNASeq.elegans.WBStrain00022571.WBls:0000002.Hermaphrodite.WBbt:0006797.SRP041461.SRX527963	RNASeq_Study.SRP041461	all stages Ce			
RNASeq.elegans.WBStrain00022571.WBls:0000002.Hermaphrodite.WBbt:0006797.SRP041461.SRX527964	RNASeq_Study.SRP041461	all stages Ce			
RNASeq.elegans.WBStrain00022571.WBls:0000002.Hermaphrodite.WBbt:0006797.SRP041461.SRX527965	RNASeq_Study.SRP041461	all stages Ce			
RNASeq.elegans.WBStrain00022571.WBls:0000002.Hermaphrodite.WBbt:0006797.SRP041461.SRX527966	RNASeq_Study.SRP041461	all stages Ce			
RNASeq.elegans.WBStrain00022618.WBls:0000063.Hermaphrodite.WBbt:0007833.SRP035359.SRX426044	RNASeq_Study.SRP035359	newly molted young adult hermaphrodite Ce			
RNASeq.elegans.WBStrain00022618.WBls:0000063.Hermaphrodite.WBbt:0007833.SRP035359.SRX426045	RNASeq_Study.SRP035359	newly molted young adult hermaphrodite Ce			
RNASeq.elegans.WBStrain00022618.WBls:0000063.Hermaphrodite.WBbt:0007833.SRP035359.SRX426046	RNASeq_Study.SRP035359	newly molted young adult hermaphrodite Ce			
RNASeq.elegans.WBStrain00022618.WBls:0000063.Hermaphrodite.WBbt:0007833.SRP035359.SRX426047	RNASeq_Study.SRP035359	newly molted young adult hermaphrodite Ce			
RNASeq.elegans.WBStrain00022618.WBls:0000063.Hermaphrodite.WBbt:0007833.SRP035359.SRX426048	RNASeq_Study.SRP035359	newly molted young adult hermaphrodite Ce			
RNASeq.elegans.WBStrain00022618.WBls:0000063.Hermaphrodite.WBbt:0007833.SRP035359.SRX426049	RNASeq_Study.SRP035359	newly molted young adult hermaphrodite Ce			
RNASeq.elegans.WBStrain00022618.WBls:0000063.Hermaphrodite.WBbt:0007833.SRP035359.SRX426050	RNASeq_Study.SRP035359	newly molted young adult hermaphrodite Ce			
RNASeq.elegans.WBStrain00022618.WBls:0000063.Hermaphrodite.WBbt:0007833.SRP035359.SRX426051	RNASeq_Study.SRP035359	newly molted young adult hermaphrodite Ce			
RNASeq.elegans.WBStrain00022618.WBls:0000063.Hermaphrodite.WBbt:0007833.SRP035359.SRX426052	RNASeq_Study.SRP035359	newly molted young adult hermaphrodite Ce			
RNASeq.elegans.WBStrain00022618.WBls:0000063.Hermaphrodite.WBbt:0007833.SRP035359.SRX426053	RNASeq_Study.SRP035359	newly molted young adult hermaphrodite Ce			
RNASeq.elegans.WBStrain00022651.WBls:0000063.Hermaphrodite.WBbt:0007833.SRP035359.SRX426020	RNASeq_Study.SRP035359	newly molted young adult hermaphrodite Ce			
RNASeq.elegans.WBStrain00022651.WBls:0000063.Hermaphrodite.WBbt:0007833.SRP035359.SRX426021	RNASeq_Study.SRP035359	newly molted young adult hermaphrodite Ce			
RNASeq.elegans.WBStrain00022651.WBls:0000063.Hermaphrodite.WBbt:0007833.SRP035359.SRX426022	RNASeq_Study.SRP035359	newly molted young adult hermaphrodite Ce			
RNASeq.elegans.WBStrain00022651.WBls:0000063.Hermaphrodite.WBbt:0007833.SRP035359.SRX426023	RNASeq_Study.SRP035359	newly molted young adult hermaphrodite Ce			
RNASeq.elegans.WBStrain00022651.WBls:0000063.Hermaphrodite.WBbt:0007833.SRP035359.SRX426024	RNASeq_Study.SRP035359	newly molted young adult hermaphrodite Ce			
RNASeq.elegans.WBStrain00022651.WBls:0000063.Hermaphrodite.WBbt:0007833.SRP035359.SRX426025	RNASeq_Study.SRP035359	newly molted young adult hermaphrodite Ce			
RNASeq.elegans.WBStrain00022651.WBls:0000063.Hermaphrodite.WBbt:0007833.SRP035359.SRX426026	RNASeq_Study.SRP035359	newly molted young adult hermaphrodite Ce			
RNASeq.elegans.WBStrain00022651.WBls:0000063.Hermaphrodite.WBbt:0007833.SRP035359.SRX426027	RNASeq_Study.SRP035359	newly molted young adult hermaphrodite Ce			
RNASeq.elegans.WBStrain00022651.WBls:0000063.Hermaphrodite.WBbt:0007833.SRP035359.SRX426028	RNASeq_Study.SRP035359	newly molted young adult hermaphrodite Ce			
RNASeq.elegans.WBStrain00022651.WBls:0000063.Hermaphrodite.WBbt:0007833.SRP035359.SRX426029	RNASeq_Study.SRP035359	newly molted young adult hermaphrodite Ce			
RNASeq.elegans.WBStrain00022651.WBls:0000063.Hermaphrodite.WBbt:0007833.SRP035359.SRX426030	RNASeq_Study.SRP035359	newly molted young adult hermaphrodite Ce			
RNASeq.elegans.WBStrain00022651.WBls:0000063.Hermaphrodite.WBbt:0007833.SRP035359.SRX426031	RNASeq_Study.SRP035359	newly molted young adult hermaphrodite Ce			
RNASeq.elegans.WBStrain00022651.WBls:0000063.Hermaphrodite.WBbt:0007833.SRP035359.SRX426032	RNASeq_Study.SRP035359	newly molted young adult hermaphrodite Ce			
RNASeq.elegans.WBStrain00022651.WBls:0000063.Hermaphrodite.WBbt:0007833.SRP035359.SRX426033	RNASeq_Study.SRP035359	newly molted young adult hermaphrodite Ce			
RNASeq.elegans.WBStrain00022651.WBls:0000063.Hermaphrodite.WBbt:0007833.SRP035359.SRX426034	RNASeq_Study.SRP035359	newly molted young adult hermaphrodite Ce			
RNASeq.elegans.WBStrain00022651.WBls:0000063.Hermaphrodite.WBbt:0007833.SRP035359.SRX426035	RNASeq_Study.SRP035359	newly molted young adult hermaphrodite Ce			
RNASeq.elegans.WBStrain00022651.WBls:0000063.Hermaphrodite.WBbt:0007833.SRP035359.SRX426036	RNASeq_Study.SRP035359	newly molted young adult hermaphrodite Ce			
RNASeq.elegans.WBStrain00022651.WBls:0000063.Hermaphrodite.WBbt:0007833.SRP035359.SRX426037	RNASeq_Study.SRP035359	newly molted young adult hermaphrodite Ce			
RNASeq.elegans.WBStrain00022651.WBls:0000063.Hermaphrodite.WBbt:0007833.SRP035359.SRX426038	RNASeq_Study.SRP035359	newly molted young adult hermaphrodite Ce			
RNASeq.elegans.WBStrain00022651.WBls:0000063.Hermaphrodite.WBbt:0007833.SRP035359.SRX426039	RNASeq_Study.SRP035359	newly molted young adult hermaphrodite Ce			
RNASeq.elegans.WBStrain00022651.WBls:0000063.Hermaphrodite.WBbt:0007833.SRP035359.SRX426040	RNASeq_Study.SRP035359	newly molted young adult hermaphrodite Ce			
RNASeq.elegans.WBStrain00022651.WBls:0000063.Hermaphrodite.WBbt:0007833.SRP035359.SRX426041	RNASeq_Study.SRP035359	newly molted young adult hermaphrodite Ce			
RNASeq.elegans.WBStrain00022651.WBls:0000063.Hermaphrodite.WBbt:0007833.SRP035359.SRX426042	RNASeq_Study.SRP035359	newly molted young adult hermaphrodite Ce			
RNASeq.elegans.WBStrain00022651.WBls:0000063.Hermaphrodite.WBbt:0007833.SRP035359.SRX426043	RNASeq_Study.SRP035359	newly molted young adult hermaphrodite Ce			
RNASeq.elegans.WBStrain00024040.WBls:0000063.Hermaphrodite.WBbt:0007833.SRP015918.SRX189886	RNASeq_Study.SRP015918	newly molted young adult hermaphrodite Ce			
RNASeq.elegans.WBStrain00024162.WBls:0000024.Hermaphrodite.WBbt:0007833.SRP017621.SRX212092	RNASeq_Study.SRP017621	L1 larva Ce			
RNASeq.elegans.WBStrain00024162.WBls:0000024.Hermaphrodite.WBbt:0007833.SRP017621.SRX212095	RNASeq_Study.SRP017621	L1 larva Ce			
RNASeq.elegans.WBStrain00024162.WBls:0000024.Hermaphrodite.WBbt:0007833.SRP017621.SRX212097	RNASeq_Study.SRP017621	L1 larva Ce			
RNASeq.elegans.WBStrain00024162.WBls:0000024.Hermaphrodite.WBbt:0007833.SRP017621.SRX212098	RNASeq_Study.SRP017621	L1 larva Ce			
RNASeq.elegans.WBStrain00024162.WBls:0000024.Hermaphrodite.WBbt:0007833.SRP017621.SRX212099	RNASeq_Study.SRP017621	L1 larva Ce			
RNASeq.elegans.WBStrain00024162.WBls:0000024.Hermaphrodite.WBbt:0007833.SRP017621.SRX212100	RNASeq_Study.SRP017621	L1 larva Ce			
RNASeq.elegans.WBStrain00024162.WBls:0000024.Hermaphrodite.WBbt:0007833.SRP017621.SRX212101	RNASeq_Study.SRP017621	L1 larva Ce			
RNASeq.elegans.WBStrain00024162.WBls:0000024.Hermaphrodite.WBbt:0007833.SRP017621.SRX212102	RNASeq_Study.SRP017621	L1 larva Ce			
RNASeq.elegans.WBStrain00024165.WBls:0000024.Hermaphrodite.WBbt:0007833.SRP017621.SRX212103	RNASeq_Study.SRP017621	L1 larva Ce			
RNASeq.elegans.WBStrain00024165.WBls:0000024.Hermaphrodite.WBbt:0007833.SRP017621.SRX212104	RNASeq_Study.SRP017621	L1 larva Ce			
RNASeq.elegans.WBStrain00024165.WBls:0000024.Hermaphrodite.WBbt:0007833.SRP017621.SRX212105	RNASeq_Study.SRP017621	L1 larva Ce			
RNASeq.elegans.WBStrain00024165.WBls:0000024.Hermaphrodite.WBbt:0007833.SRP017621.SRX212106	RNASeq_Study.SRP017621	L1 larva Ce			
RNASeq.elegans.WBStrain00024165.WBls:0000024.Hermaphrodite.WBbt:0007833.SRP017621.SRX212107	RNASeq_Study.SRP017621	L1 larva Ce			
RNASeq.elegans.WBStrain00024165.WBls:0000024.Hermaphrodite.WBbt:0007833.SRP017621.SRX212109	RNASeq_Study.SRP017621	L1 larva Ce			
RNASeq.elegans.WBStrain00024166.WBls:0000024.Hermaphrodite.WBbt:0007833.SRP017621.SRX212110	RNASeq_Study.SRP017621	L1 larva Ce			
RNASeq.elegans.WBStrain00024166.WBls:0000024.Hermaphrodite.WBbt:0007833.SRP017621.SRX212111	RNASeq_Study.SRP017621	L1 larva Ce			
RNASeq.elegans.WBStrain00024166.WBls:0000024.Hermaphrodite.WBbt:0007833.SRP017621.SRX212112	RNASeq_Study.SRP017621	L1 larva Ce			
RNASeq.elegans.WBStrain00024166.WBls:0000024.Hermaphrodite.WBbt:0007833.SRP017621.SRX212113	RNASeq_Study.SRP017621	L1 larva Ce			
RNASeq.elegans.WBStrain00024166.WBls:0000024.Hermaphrodite.WBbt:0007833.SRP017621.SRX212114	RNASeq_Study.SRP017621	L1 larva Ce			
RNASeq.elegans.WBStrain00024166.WBls:0000024.Hermaphrodite.WBbt:0007833.SRP017621.SRX212115	RNASeq_Study.SRP017621	L1 larva Ce			
RNASeq.elegans.WBStrain00024167.WBls:0000024.Hermaphrodite.WBbt:0007833.SRP017621.SRX212116	RNASeq_Study.SRP017621	L1 larva Ce			
RNASeq.elegans.WBStrain00024167.WBls:0000024.Hermaphrodite.WBbt:0007833.SRP017621.SRX212118	RNASeq_Study.SRP017621	L1 larva Ce			
RNASeq.elegans.WBStrain00024167.WBls:0000024.Hermaphrodite.WBbt:0007833.SRP017621.SRX212119	RNASeq_Study.SRP017621	L1 larva Ce			
RNASeq.elegans.WBStrain00024167.WBls:0000024.Hermaphrodite.WBbt:0007833.SRP017621.SRX212120	RNASeq_Study.SRP017621	L1 larva Ce			
RNASeq.elegans.WBStrain00024167.WBls:0000024.Hermaphrodite.WBbt:0007833.SRP017621.SRX212121	RNASeq_Study.SRP017621	L1 larva Ce			
RNASeq.elegans.WBStrain00024167.WBls:0000024.Hermaphrodite.WBbt:0007833.SRP017621.SRX212122	RNASeq_Study.SRP017621	L1 larva Ce			
RNASeq.elegans.WBStrain00026383.WBls:0000024.Hermaphrodite.WBbt:0003666.SRP000401.SRX145445	RNASeq_Study.SRP000401	L1 larva Ce			
RNASeq.elegans.WBStrain00026383.WBls:0000024.Hermaphrodite.WBbt:0003666.SRP000401.SRX151617	RNASeq_Study.SRP000401	L1 larva Ce			
RNASeq.elegans.WBStrain00026383.WBls:0000024.Hermaphrodite.WBbt:0003666.SRP000401.SRX190368	RNASeq_Study.SRP000401	L1 larva Ce			
RNASeq.elegans.WBStrain00026383.WBls:0000024.Hermaphrodite.WBbt:0003666.SRP000401.SRX732432	RNASeq_Study.SRP000401	L1 larva Ce			
RNASeq.elegans.WBStrain00027375.WBls:0000024.Hermaphrodite.WBbt:0007833.SRP000401.SRX004869	RNASeq_Study.SRP000401	L1 larva Ce			
RNASeq.elegans.WBStrain00027375.WBls:0000024.Hermaphrodite.WBbt:0007833.SRP000401.SRX049744	RNASeq_Study.SRP000401	L1 larva Ce			
RNASeq.elegans.WBStrain00027375.WBls:0000024.Hermaphrodite.WBbt:0007833.SRP000401.SRX050610	RNASeq_Study.SRP000401	L1 larva Ce			
RNASeq.elegans.WBStrain00027573.WBls:0000004.Hermaphrodite.WBbt:0006825.SRP000401.SRX1041557	RNASeq_Study.SRP000401	proliferating embryo Ce			
RNASeq.elegans.WBStrain00027573.WBls:0000004.Hermaphrodite.WBbt:0006825.SRP000401.SRX1041564	RNASeq_Study.SRP000401	proliferating embryo Ce			
RNASeq.elegans.WBStrain00028685.WBls:0000021.Hermaphrodite.WBbt:0006819.SRP000401.SRX1041642	RNASeq_Study.SRP000401	fully-elongated embryo Ce			
RNASeq.elegans.WBStrain00028685.WBls:0000021.Hermaphrodite.WBbt:0006819.SRP000401.SRX1041643	RNASeq_Study.SRP000401	fully-elongated embryo Ce			
RNASeq.elegans.WBStrain00028685.WBls:0000021.Hermaphrodite.WBbt:0006819.SRP000401.SRX1041646	RNASeq_Study.SRP000401	fully-elongated embryo Ce			
RNASeq.elegans.WBStrain00028685.WBls:0000021.Hermaphrodite.WBbt:0006819.SRP000401.SRX1041647	RNASeq_Study.SRP000401	fully-elongated embryo Ce			
RNASeq.elegans.WBStrain00028688.WBls:0000038.Hermaphrodite.WBbt:0003670.SRP000401.SRX1041641	RNASeq_Study.SRP000401	L4 larva Ce			
RNASeq.elegans.WBStrain00028688.WBls:0000038.Hermaphrodite.WBbt:0003670.SRP000401.SRX1041644	RNASeq_Study.SRP000401	L4 larva Ce			
RNASeq.elegans.WBStrain00028688.WBls:0000038.Hermaphrodite.WBbt:0003670.SRP000401.SRX1041748	RNASeq_Study.SRP000401	L4 larva Ce			
RNASeq.elegans.WBStrain00028689.WBls:0000021.Hermaphrodite.WBbt:0005840.SRP000401.SRX1041558	RNASeq_Study.SRP000401	fully-elongated embryo Ce			
RNASeq.elegans.WBStrain00028689.WBls:0000021.Hermaphrodite.WBbt:0005840.SRP000401.SRX1041559	RNASeq_Study.SRP000401	fully-elongated embryo Ce			
RNASeq.elegans.WBStrain00028689.WBls:0000021.Hermaphrodite.WBbt:0005840.SRP000401.SRX1041571	RNASeq_Study.SRP000401	fully-elongated embryo Ce			
RNASeq.elegans.WBStrain00028689.WBls:0000021.Hermaphrodite.WBbt:0005840.SRP000401.SRX1041572	RNASeq_Study.SRP000401	fully-elongated embryo Ce			
RNASeq.elegans.WBStrain00029126.WBls:0000024.Hermaphrodite.WBbt:0003679.SRP000401.SRX151599	RNASeq_Study.SRP000401	L1 larva Ce			
RNASeq.elegans.WBStrain00029126.WBls:0000024.Hermaphrodite.WBbt:0003679.SRP000401.SRX151602	RNASeq_Study.SRP000401	L1 larva Ce			
RNASeq.elegans.WBStrain00029126.WBls:0000024.Hermaphrodite.WBbt:0003679.SRP000401.SRX190365	RNASeq_Study.SRP000401	L1 larva Ce			
RNASeq.elegans.WBStrain00029126.WBls:0000024.Hermaphrodite.WBbt:0003679.SRP000401.SRX190366	RNASeq_Study.SRP000401	L1 larva Ce			
RNASeq.elegans.WBStrain00030566.WBls:0000038.Male.WBbt:0007833.SRP003783.SRX028196	RNASeq_Study.SRP003783	L4 larva Ce			
RNASeq.elegans.WBStrain00030567.WBls:0000002.Male.WBbt:0007833.SRP003783.SRX028194	RNASeq_Study.SRP003783	all stages Ce			
RNASeq.elegans.WBStrain00030567.WBls:0000002.Male.WBbt:0007833.SRP003783.SRX028195	RNASeq_Study.SRP003783	all stages Ce			
RNASeq.elegans.WBStrain00030624.WBls:0000035.Hermaphrodite.WBbt:0007833.SRP005562.SRX040314	RNASeq_Study.SRP005562	L3 larva Ce			
RNASeq.elegans.WBStrain00030624.WBls:0000035.Hermaphrodite.WBbt:0007833.SRP005562.SRX040315	RNASeq_Study.SRP005562	L3 larva Ce			
RNASeq.elegans.WBStrain00030624.WBls:0000038.Hermaphrodite.WBbt:0007833.SRP005562.SRX040318	RNASeq_Study.SRP005562	L4 larva Ce			
RNASeq.elegans.WBStrain00030624.WBls:0000038.Hermaphrodite.WBbt:0007833.SRP005562.SRX040319	RNASeq_Study.SRP005562	L4 larva Ce			
RNASeq.elegans.WBStrain00030624.WBls:0000041.Hermaphrodite.WBbt:0007833.SRP005562.SRX040322	RNASeq_Study.SRP005562	adult Ce			
RNASeq.elegans.WBStrain00030624.WBls:0000041.Hermaphrodite.WBbt:0007833.SRP005562.SRX040323	RNASeq_Study.SRP005562	adult Ce			
RNASeq.elegans.WBStrain00030624.WBls:0000041.Hermaphrodite.WBbt:0007833.SRP005562.SRX040324	RNASeq_Study.SRP005562	adult Ce			
RNASeq.elegans.WBStrain00030624.WBls:0000041.Hermaphrodite.WBbt:0007833.SRP005562.SRX040325	RNASeq_Study.SRP005562	adult Ce			
RNASeq.elegans.WBStrain00030625.WBls:0000035.Hermaphrodite.WBbt:0007833.SRP005562.SRX040316	RNASeq_Study.SRP005562	L3 larva Ce			
RNASeq.elegans.WBStrain00030625.WBls:0000035.Hermaphrodite.WBbt:0007833.SRP005562.SRX040317	RNASeq_Study.SRP005562	L3 larva Ce			
RNASeq.elegans.WBStrain00030625.WBls:0000038.Hermaphrodite.WBbt:0007833.SRP005562.SRX040320	RNASeq_Study.SRP005562	L4 larva Ce			
RNASeq.elegans.WBStrain00030625.WBls:0000038.Hermaphrodite.WBbt:0007833.SRP005562.SRX040321	RNASeq_Study.SRP005562	L4 larva Ce			
RNASeq.elegans.WBStrain00030625.WBls:0000041.Hermaphrodite.WBbt:0007833.SRP005562.SRX040326	RNASeq_Study.SRP005562	adult Ce			
RNASeq.elegans.WBStrain00030625.WBls:0000041.Hermaphrodite.WBbt:0007833.SRP005562.SRX040327	RNASeq_Study.SRP005562	adult Ce			
RNASeq.elegans.WBStrain00030625.WBls:0000041.Hermaphrodite.WBbt:0007833.SRP005562.SRX040328	RNASeq_Study.SRP005562	adult Ce			
RNASeq.elegans.WBStrain00030625.WBls:0000041.Hermaphrodite.WBbt:0007833.SRP005562.SRX040329	RNASeq_Study.SRP005562	adult Ce			
RNASeq.elegans.WBStrain00030950.WBls:0000035.Male.WBbt:0005062.SRP015688.SRX185660	RNASeq_Study.SRP015688	L3 larva Ce			
RNASeq.elegans.WBStrain00030950.WBls:0000035.Male.WBbt:0005062.SRP015688.SRX185667	RNASeq_Study.SRP015688	L3 larva Ce			
RNASeq.elegans.WBStrain00030950.WBls:0000035.Male.WBbt:0005062.SRP015688.SRX185668	RNASeq_Study.SRP015688	L3 larva Ce			
RNASeq.elegans.WBStrain00030950.WBls:0000035.Male.WBbt:0005062.SRP015688.SRX185669	RNASeq_Study.SRP015688	L3 larva Ce			
RNASeq.elegans.WBStrain00030950.WBls:0000035.Male.WBbt:0005062.SRP015688.SRX185670	RNASeq_Study.SRP015688	L3 larva Ce			
RNASeq.elegans.WBStrain00030950.WBls:0000035.Male.WBbt:0005062.SRP015688.SRX185672	RNASeq_Study.SRP015688	L3 larva Ce			
RNASeq.elegans.WBStrain00030950.WBls:0000038.Male.WBbt:0005062.SRP015688.SRX185638	RNASeq_Study.SRP015688	L4 larva Ce			
RNASeq.elegans.WBStrain00030950.WBls:0000038.Male.WBbt:0005062.SRP015688.SRX185661	RNASeq_Study.SRP015688	L4 larva Ce			
RNASeq.elegans.WBStrain00030950.WBls:0000038.Male.WBbt:0005062.SRP015688.SRX185662	RNASeq_Study.SRP015688	L4 larva Ce			
RNASeq.elegans.WBStrain00030950.WBls:0000038.Male.WBbt:0005062.SRP015688.SRX185663	RNASeq_Study.SRP015688	L4 larva Ce			
RNASeq.elegans.WBStrain00030950.WBls:0000038.Male.WBbt:0005062.SRP015688.SRX185664	RNASeq_Study.SRP015688	L4 larva Ce			
RNASeq.elegans.WBStrain00030950.WBls:0000038.Male.WBbt:0005062.SRP015688.SRX185665	RNASeq_Study.SRP015688	L4 larva Ce			
RNASeq.elegans.WBStrain00030950.WBls:0000038.Male.WBbt:0005062.SRP015688.SRX185666	RNASeq_Study.SRP015688	L4 larva Ce			
RNASeq.elegans.WBStrain00030950.WBls:0000038.Male.WBbt:0005062.SRP015688.SRX185674	RNASeq_Study.SRP015688	L4 larva Ce			
RNASeq.elegans.WBStrain00030950.WBls:0000038.Male.WBbt:0005062.SRP015688.SRX185676	RNASeq_Study.SRP015688	L4 larva Ce			
RNASeq.elegans.WBStrain00030950.WBls:0000038.Male.WBbt:0005062.SRP015688.SRX185678	RNASeq_Study.SRP015688	L4 larva Ce			
RNASeq.elegans.WBStrain00030950.WBls:0000038.Male.WBbt:0005062.SRP015688.SRX185680	RNASeq_Study.SRP015688	L4 larva Ce			
RNASeq.elegans.WBStrain00030950.WBls:0000038.Male.WBbt:0005062.SRP015688.SRX185681	RNASeq_Study.SRP015688	L4 larva Ce			
RNASeq.elegans.WBStrain00031599.WBls:0000002.Hermaphrodite.WBbt:0007833.SRP030526.SRX362655	RNASeq_Study.SRP030526	all stages Ce			
RNASeq.elegans.WBStrain00031599.WBls:0000002.Hermaphrodite.WBbt:0007833.SRP030526.SRX362686	RNASeq_Study.SRP030526	all stages Ce			
RNASeq.elegans.WBStrain00031599.WBls:0000002.Hermaphrodite.WBbt:0007833.SRP030526.SRX362687	RNASeq_Study.SRP030526	all stages Ce			
RNASeq.elegans.WBStrain00034434.WBls:0000063.Hermaphrodite.WBbt:0005175.SRP049412.SRX747677	RNASeq_Study.SRP049412	newly molted young adult hermaphrodite Ce			
RNASeq.elegans.WBStrain00034434.WBls:0000063.Hermaphrodite.WBbt:0005175.SRP049412.SRX747678	RNASeq_Study.SRP049412	newly molted young adult hermaphrodite Ce			
RNASeq.elegans.WBStrain00034434.WBls:0000063.Hermaphrodite.WBbt:0005784.SRP049412.SRX747679	RNASeq_Study.SRP049412	newly molted young adult hermaphrodite Ce			
RNASeq.elegans.WBStrain00034434.WBls:0000063.Hermaphrodite.WBbt:0005784.SRP049412.SRX747680	RNASeq_Study.SRP049412	newly molted young adult hermaphrodite Ce			
RNASeq.elegans.WBStrain00034458.WBls:0000004.Hermaphrodite.WBbt:0006849.SRP000401.SRX1041553	RNASeq_Study.SRP000401	proliferating embryo Ce			
RNASeq.elegans.WBStrain00034458.WBls:0000004.Hermaphrodite.WBbt:0006849.SRP000401.SRX1041554	RNASeq_Study.SRP000401	proliferating embryo Ce			
RNASeq.elegans.WBStrain00034458.WBls:0000004.Hermaphrodite.WBbt:0006849.SRP000401.SRX1041561	RNASeq_Study.SRP000401	proliferating embryo Ce			
RNASeq.elegans.WBStrain00034458.WBls:0000004.Hermaphrodite.WBbt:0006849.SRP000401.SRX1041562	RNASeq_Study.SRP000401	proliferating embryo Ce			
RNASeq.elegans.WBStrain00035051.WBls:0000038.Hermaphrodite.WBbt:0005490.SRP074511.SRX1746482	RNASeq_Study.SRP074511	L4 larva Ce			
RNASeq.elegans.WBStrain00035559.WBls:0000038.Hermaphrodite.WBbt:0007833.SRP035479.SRX435695	RNASeq_Study.SRP035479	L4 larva Ce			
RNASeq.elegans.WBStrain00035559.WBls:0000038.Hermaphrodite.WBbt:0007833.SRP035479.SRX435696	RNASeq_Study.SRP035479	L4 larva Ce			
RNASeq.elegans.WBStrain00035559.WBls:0000038.Hermaphrodite.WBbt:0007833.SRP035479.SRX435697	RNASeq_Study.SRP035479	L4 larva Ce			
RNASeq.elegans.WBStrain00035559.WBls:0000038.Hermaphrodite.WBbt:0007833.SRP035479.SRX435698	RNASeq_Study.SRP035479	L4 larva Ce			
RNASeq.elegans.WBStrain00035559.WBls:0000038.Hermaphrodite.WBbt:0007833.SRP035479.SRX435699	RNASeq_Study.SRP035479	L4 larva Ce			
RNASeq.elegans.WBStrain00035559.WBls:0000038.Hermaphrodite.WBbt:0007833.SRP035479.SRX435700	RNASeq_Study.SRP035479	L4 larva Ce			
RNASeq.elegans.WBStrain00036497.WBls:0000002.Hermaphrodite.WBbt:0007833.SRP030526.SRX362860	RNASeq_Study.SRP030526	all stages Ce			
RNASeq.elegans.WBStrain00036497.WBls:0000002.Hermaphrodite.WBbt:0007833.SRP030526.SRX362868	RNASeq_Study.SRP030526	all stages Ce			
RNASeq.elegans.WBStrain00036497.WBls:0000002.Hermaphrodite.WBbt:0007833.SRP030526.SRX362869	RNASeq_Study.SRP030526	all stages Ce			
RNASeq.elegans.WBStrain00040453.WBls:0000024.Hermaphrodite.WBbt:0007833.SRP040623.SRX501864	RNASeq_Study.SRP040623	L1 larva Ce			
RNASeq.elegans.WBStrain00040453.WBls:0000027.Hermaphrodite.WBbt:0007833.SRP040623.SRX501865	RNASeq_Study.SRP040623	L2 larva Ce			
RNASeq.elegans.WBStrain00040453.WBls:0000035.Hermaphrodite.WBbt:0007833.SRP040623.SRX501866	RNASeq_Study.SRP040623	L3 larva Ce			
RNASeq.elegans.WBStrain00040453.WBls:0000038.Hermaphrodite.WBbt:0007833.SRP040623.SRX501867	RNASeq_Study.SRP040623	L4 larva Ce			
RNASeq.elegans.WBStrain00047070.WBls:0000035.Hermaphrodite.WBbt:0007833.SRP038704.SRX474209	RNASeq_Study.SRP038704	L3 larva Ce			
RNASeq.elegans.WBStrain00047070.WBls:0000035.Hermaphrodite.WBbt:0007833.SRP038704.SRX474210	RNASeq_Study.SRP038704	L3 larva Ce			
RNASeq.elegans.WBStrain00047070.WBls:0000035.Hermaphrodite.WBbt:0007833.SRP038704.SRX474211	RNASeq_Study.SRP038704	L3 larva Ce			
